Title,Description,Publish Time,Link
"<h3 class=""title-news""><a data-medium=""Item-1"" data-thumb=""1"" href=""https://vnexpress.net/ron-lu-da-nang-lai-ngap-gan-mot-met-4665789.html"" title=""Rốn lũ Đà Nẵng lại ngập gần một mét"">
Rốn lũ Đà Nẵng lại ngập gần một mét</a>
</h3>","<p class=""description""><a data-medium=""Item-1"" data-thumb=""1"" href=""https://vnexpress.net/ron-lu-da-nang-lai-ngap-gan-mot-met-4665789.html"" title=""Rốn lũ Đà Nẵng lại ngập gần một mét"">Sau một ngày nước rút, đến sáng nay lũ lại dâng cao gần một mét khiến hàng nghìn người dân phường Hòa Khánh Nam, quận Liên Chiểu phải di dời.</a></p>",,"<a class=""thumb thumb-5x3"" data-medium=""Item-1"" data-thumb=""1"" href=""https://vnexpress.net/ron-lu-da-nang-lai-ngap-gan-mot-met-4665789.html"" title=""Rốn lũ Đà Nẵng lại ngập gần một mét"">
<picture>
<!--[if IE 9]><video style=""display: none;""><![endif]-->
<source srcset=""https://i1-vnexpress.vnecdn.net/2023/10/17/a15-1697518995-1697522862.jpg?w=680&amp;h=408&amp;q=100&amp;dpr=1&amp;fit=crop&amp;s=rVaYaU_6iqUhUH5LGzTtAg 1x, https://i1-vnexpress.vnecdn.net/2023/10/17/a15-1697518995-1697522862.jpg?w=680&amp;h=408&amp;q=100&amp;dpr=2&amp;fit=crop&amp;s=jAt00oXe-rsXk5YIpkjGoQ 2x""/>
<!--[if IE 9]></video><![endif]-->
<img alt=""Rốn lũ Đà Nẵng lại ngập gần một mét"" class=""lazy"" intrinsicsize=""680x408"" itemprop=""contentUrl"" loading=""lazy"" src=""https://i1-vnexpress.vnecdn.net/2023/10/17/a15-1697518995-1697522862.jpg?w=680&amp;h=408&amp;q=100&amp;dpr=1&amp;fit=crop&amp;s=rVaYaU_6iqUhUH5LGzTtAg"" style=""transform: translateX(-50%); left: 50%;""/>
</picture> <span class=""icon_thumb_videophoto""><svg class=""ic ic-camera""><use xlink:href=""#Camera""></use></svg></span> </a>"
"<h3 class=""title-news"">
<a data-medium=""Item-2"" data-thumb=""0"" href=""https://vnexpress.net/quy-bao-hiem-tai-nan-lao-dong-thu-nhieu-chi-it-4665119.html"" title=""Quỹ bảo hiểm tai nạn lao động 'thu nhiều chi ít'"">
Quỹ bảo hiểm tai nạn lao động 'thu nhiều chi ít'	</a>
<span class=""meta-news"">
<a class=""count_cmt"" href=""https://vnexpress.net/quy-bao-hiem-tai-nan-lao-dong-thu-nhieu-chi-it-4665119.html#box_comment_vne"" style=""white-space: nowrap; display: none;"">
<svg class=""ic ic-comment""><use xlink:href=""#Comment-Reg""></use></svg>
<span class=""txt_num_comment font_icon"" data-objectid=""4665119"" data-objecttype=""1"" data-type=""comment""></span>
</a>
</span>
</h3>",,,"<a class=""thumb thumb-5x3"" data-medium=""Item-2"" data-thumb=""1"" href=""https://vnexpress.net/quy-bao-hiem-tai-nan-lao-dong-thu-nhieu-chi-it-4665119.html"" title=""Quỹ bảo hiểm tai nạn lao động 'thu nhiều chi ít'"">
<picture>
<!--[if IE 9]><video style=""display: none;""><![endif]-->
<source srcset=""https://i1-vnexpress.vnecdn.net/2023/10/17/z4790975692308-260fb91af15ef07-9974-1867-1697520534.jpg?w=240&amp;h=144&amp;q=100&amp;dpr=1&amp;fit=crop&amp;s=oG8qhe1EGSWNvRdfu9YMmg 1x, https://i1-vnexpress.vnecdn.net/2023/10/17/z4790975692308-260fb91af15ef07-9974-1867-1697520534.jpg?w=240&amp;h=144&amp;q=100&amp;dpr=2&amp;fit=crop&amp;s=0wh4wG7Op2uUZUlfqOuqZw 2x""/>
<!--[if IE 9]></video><![endif]-->
<img alt=""Quỹ bảo hiểm tai nạn lao động 'thu nhiều chi ít'"" class=""lazy"" intrinsicsize=""240x144"" itemprop=""contentUrl"" loading=""lazy"" src=""https://i1-vnexpress.vnecdn.net/2023/10/17/z4790975692308-260fb91af15ef07-9974-1867-1697520534.jpg?w=240&amp;h=144&amp;q=100&amp;dpr=1&amp;fit=crop&amp;s=oG8qhe1EGSWNvRdfu9YMmg"" style=""transform: translateX(-50%); left: 50%;""/>
</picture> </a>"
"<h3 class=""title-news"">
<a data-medium=""Item-3"" data-thumb=""0"" href=""https://vnexpress.net/can-nhac-bai-toan-nhap-khau-cat-tu-campuchia-de-lam-cao-toc-4665713.html"" title=""Cân nhắc bài toán nhập khẩu cát từ Campuchia để làm cao tốc"">
Cân nhắc bài toán nhập khẩu cát từ Campuchia để làm cao tốc	</a>
<span class=""meta-news"">
<a class=""count_cmt"" href=""https://vnexpress.net/can-nhac-bai-toan-nhap-khau-cat-tu-campuchia-de-lam-cao-toc-4665713.html#box_comment_vne"" style=""white-space: nowrap; display: none;"">
<svg class=""ic ic-comment""><use xlink:href=""#Comment-Reg""></use></svg>
<span class=""txt_num_comment font_icon"" data-objectid=""4665713"" data-objecttype=""1"" data-type=""comment""></span>
</a>
</span>
</h3>",,,"<a class=""thumb thumb-5x3"" data-medium=""Item-3"" data-thumb=""1"" href=""https://vnexpress.net/can-nhac-bai-toan-nhap-khau-cat-tu-campuchia-de-lam-cao-toc-4665713.html"" title=""Cân nhắc bài toán nhập khẩu cát từ Campuchia để làm cao tốc"">
<picture>
<!--[if IE 9]><video style=""display: none;""><![endif]-->
<source srcset=""https://i1-vnexpress.vnecdn.net/2023/10/17/393689317-201613086288318-8810-6184-6192-1697514554.jpg?w=240&amp;h=144&amp;q=100&amp;dpr=1&amp;fit=crop&amp;s=l8VRXcdpRXcuMBzjbWF63Q 1x, https://i1-vnexpress.vnecdn.net/2023/10/17/393689317-201613086288318-8810-6184-6192-1697514554.jpg?w=240&amp;h=144&amp;q=100&amp;dpr=2&amp;fit=crop&amp;s=isJ0UtjPsSC8C-JMVsJagw 2x""/>
<!--[if IE 9]></video><![endif]-->
<img alt=""Cân nhắc bài toán nhập khẩu cát từ Campuchia để làm cao tốc"" class=""lazy"" intrinsicsize=""240x144"" itemprop=""contentUrl"" loading=""lazy"" src=""https://i1-vnexpress.vnecdn.net/2023/10/17/393689317-201613086288318-8810-6184-6192-1697514554.jpg?w=240&amp;h=144&amp;q=100&amp;dpr=1&amp;fit=crop&amp;s=l8VRXcdpRXcuMBzjbWF63Q"" style=""transform: translateX(-50%); left: 50%;""/>
</picture> </a>"
"<h3 class=""title-news"">
<a data-medium=""Item-4"" data-thumb=""0"" href=""https://vnexpress.net/ap-thap-nhiet-doi-hinh-thanh-ngoai-khoi-mien-trung-4665752.html"" title=""Áp thấp nhiệt đới hình thành ngoài khơi miền Trung"">
Áp thấp nhiệt đới hình thành ngoài khơi miền Trung	</a>
<span class=""meta-news"">
<a class=""count_cmt"" href=""https://vnexpress.net/ap-thap-nhiet-doi-hinh-thanh-ngoai-khoi-mien-trung-4665752.html#box_comment_vne"" style=""white-space: nowrap; display: none;"">
<svg class=""ic ic-comment""><use xlink:href=""#Comment-Reg""></use></svg>
<span class=""txt_num_comment font_icon"" data-objectid=""4665752"" data-objecttype=""1"" data-type=""comment""></span>
</a>
</span>
</h3>",,,"<a class=""thumb thumb-5x3"" data-medium=""Item-4"" data-thumb=""1"" href=""https://vnexpress.net/ap-thap-nhiet-doi-hinh-thanh-ngoai-khoi-mien-trung-4665752.html"" title=""Áp thấp nhiệt đới hình thành ngoài khơi miền Trung"">
<picture>
<!--[if IE 9]><video style=""display: none;""><![endif]-->
<source srcset=""https://i1-vnexpress.vnecdn.net/2023/10/17/du-bao-9062-1697519015-1697520-1294-4952-1697520160.jpg?w=240&amp;h=144&amp;q=100&amp;dpr=1&amp;fit=crop&amp;s=gPdXS3GCBcu9UQFHP7YVjw 1x, https://i1-vnexpress.vnecdn.net/2023/10/17/du-bao-9062-1697519015-1697520-1294-4952-1697520160.jpg?w=240&amp;h=144&amp;q=100&amp;dpr=2&amp;fit=crop&amp;s=3_U5C7iU1KLzY3SDuu7HOw 2x""/>
<!--[if IE 9]></video><![endif]-->
<img alt=""Áp thấp nhiệt đới hình thành ngoài khơi miền Trung"" class=""lazy"" intrinsicsize=""240x144"" itemprop=""contentUrl"" loading=""lazy"" src=""https://i1-vnexpress.vnecdn.net/2023/10/17/du-bao-9062-1697519015-1697520-1294-4952-1697520160.jpg?w=240&amp;h=144&amp;q=100&amp;dpr=1&amp;fit=crop&amp;s=gPdXS3GCBcu9UQFHP7YVjw"" style=""transform: translateX(-50%); left: 50%;""/>
</picture> </a>"
"<h3 class=""title-news"">
<a data-medium=""Item-5"" data-thumb=""1"" href=""https://vnexpress.net/lap-cua-chong-ngap-ba-ga-ngam-metro-ben-thanh-suoi-tien-4665747.html"" title=""Lắp cửa chống ngập ba ga ngầm Metro Bến Thành - Suối Tiên"">
Lắp cửa chống ngập ba ga ngầm Metro Bến Thành - Suối Tiên	</a>
</h3>","<p class=""description"">
<a data-medium=""Item-5"" data-thumb=""0"" href=""https://vnexpress.net/lap-cua-chong-ngap-ba-ga-ngam-metro-ben-thanh-suoi-tien-4665747.html"" title=""Lắp cửa chống ngập ba ga ngầm Metro Bến Thành - Suối Tiên""><span class=""location-stamp"">TP HCM</span>Cửa vào ga ngầm Metro số 1 (Bến Thành - Suối Tiên) được thiết kế hai bậc với các tấm ngăn nước linh hoạt có thể chống lũ 100-300 năm mới xuất hiện một lần.</a>
<span class=""meta-news"">
<a class=""count_cmt"" href=""https://vnexpress.net/lap-cua-chong-ngap-ba-ga-ngam-metro-ben-thanh-suoi-tien-4665747.html#box_comment_vne"" style=""white-space: nowrap; display: none;"">
<svg class=""ic ic-comment""><use xlink:href=""#Comment-Reg""></use></svg>
<span class=""txt_num_comment font_icon"" data-objectid=""4665747"" data-objecttype=""1"" data-type=""comment""></span>
</a>
</span>
</p>",,"<a class=""thumb thumb-5x3"" data-medium=""Item-5"" data-thumb=""1"" href=""https://vnexpress.net/lap-cua-chong-ngap-ba-ga-ngam-metro-ben-thanh-suoi-tien-4665747.html"" title=""Lắp cửa chống ngập ba ga ngầm Metro Bến Thành - Suối Tiên"">
<picture>
<!--[if IE 9]><video style=""display: none;""><![endif]-->
<source srcset=""https://i1-vnexpress.vnecdn.net/2023/10/17/393217747837638415033522758789-2562-5026-1697515343.jpg?w=240&amp;h=144&amp;q=100&amp;dpr=1&amp;fit=crop&amp;s=Z-zD4R6UDDK3BcxP2gIQ7g 1x, https://i1-vnexpress.vnecdn.net/2023/10/17/393217747837638415033522758789-2562-5026-1697515343.jpg?w=240&amp;h=144&amp;q=100&amp;dpr=2&amp;fit=crop&amp;s=5nsChVsfyZxVfYqj-Zm8VA 2x""/>
<!--[if IE 9]></video><![endif]-->
<img alt=""Lắp cửa chống ngập ba ga ngầm Metro Bến Thành - Suối Tiên"" class=""lazy"" intrinsicsize=""240x144"" itemprop=""contentUrl"" loading=""lazy"" src=""https://i1-vnexpress.vnecdn.net/2023/10/17/393217747837638415033522758789-2562-5026-1697515343.jpg?w=240&amp;h=144&amp;q=100&amp;dpr=1&amp;fit=crop&amp;s=Z-zD4R6UDDK3BcxP2gIQ7g"" style=""transform: translateX(-50%); left: 50%;""/>
</picture> </a>"
"<h3 class=""title-news"">
<a data-medium=""Item-6"" data-thumb=""1"" href=""https://vnexpress.net/trao-quyet-dinh-bo-nhiem-thu-truong-bo-khoa-hoc-va-cong-nghe-4665717.html"" title=""Trao quyết định bổ nhiệm Thứ trưởng Bộ Khoa học và Công nghệ"">
Trao quyết định bổ nhiệm Thứ trưởng Bộ Khoa học và Công nghệ	</a>
</h3>","<p class=""description"">
<a data-medium=""Item-6"" data-thumb=""0"" href=""https://vnexpress.net/trao-quyet-dinh-bo-nhiem-thu-truong-bo-khoa-hoc-va-cong-nghe-4665717.html"" title=""Trao quyết định bổ nhiệm Thứ trưởng Bộ Khoa học và Công nghệ"">Sáng 17/10, Bộ trưởng Khoa học và Công nghệ Huỳnh Thành Đạt trao quyết định của Thủ tướng bổ nhiệm ông Trần Hồng Thái giữ chức Thứ trưởng.</a>
<span class=""meta-news"">
<a class=""count_cmt"" href=""https://vnexpress.net/trao-quyet-dinh-bo-nhiem-thu-truong-bo-khoa-hoc-va-cong-nghe-4665717.html#box_comment_vne"" style=""white-space: nowrap; display: none;"">
<svg class=""ic ic-comment""><use xlink:href=""#Comment-Reg""></use></svg>
<span class=""txt_num_comment font_icon"" data-objectid=""4665717"" data-objecttype=""1"" data-type=""comment""></span>
</a>
</span>
</p>",,"<a class=""thumb thumb-5x3"" data-medium=""Item-6"" data-thumb=""1"" href=""https://vnexpress.net/trao-quyet-dinh-bo-nhiem-thu-truong-bo-khoa-hoc-va-cong-nghe-4665717.html"" title=""Trao quyết định bổ nhiệm Thứ trưởng Bộ Khoa học và Công nghệ"">
<picture>
<!--[if IE 9]><video style=""display: none;""><![endif]-->
<source srcset=""https://i1-vnexpress.vnecdn.net/2023/10/17/757885c868bcbfe2e6ad-169751406-7600-2427-1697515315.jpg?w=240&amp;h=144&amp;q=100&amp;dpr=1&amp;fit=crop&amp;s=o9UeoR_7NiD1_oATzsFWoA 1x, https://i1-vnexpress.vnecdn.net/2023/10/17/757885c868bcbfe2e6ad-169751406-7600-2427-1697515315.jpg?w=240&amp;h=144&amp;q=100&amp;dpr=2&amp;fit=crop&amp;s=cb2l7SzGc5ksAxTcT0pNdw 2x""/>
<!--[if IE 9]></video><![endif]-->
<img alt=""Trao quyết định bổ nhiệm Thứ trưởng Bộ Khoa học và Công nghệ"" class=""lazy"" intrinsicsize=""240x144"" itemprop=""contentUrl"" loading=""lazy"" src=""https://i1-vnexpress.vnecdn.net/2023/10/17/757885c868bcbfe2e6ad-169751406-7600-2427-1697515315.jpg?w=240&amp;h=144&amp;q=100&amp;dpr=1&amp;fit=crop&amp;s=o9UeoR_7NiD1_oATzsFWoA"" style=""transform: translateX(-50%); left: 50%;""/>
</picture> </a>"
"<h3 class=""title-news"">
<a data-medium=""Item-7"" data-thumb=""1"" href=""https://vnexpress.net/chim-hai-tau-cau-muc-15-ngu-dan-mat-tich-4665686.html"" title=""Chìm hai tàu câu mực, 15 ngư dân mất tích"">
Chìm hai tàu câu mực, 15 ngư dân mất tích	</a>
</h3>","<p class=""description"">
<a data-medium=""Item-7"" data-thumb=""0"" href=""https://vnexpress.net/chim-hai-tau-cau-muc-15-ngu-dan-mat-tich-4665686.html"" title=""Chìm hai tàu câu mực, 15 ngư dân mất tích""><span class=""location-stamp"">Quảng Nam</span>Đang câu mực ở biển Trường Sa, hai tàu của ngư dân xã Tam Giang, huyện Núi Thành bị lốc xoáy đánh chìm, 15 ngư dân mất tích.</a>
<span class=""meta-news"">
<a class=""count_cmt"" href=""https://vnexpress.net/chim-hai-tau-cau-muc-15-ngu-dan-mat-tich-4665686.html#box_comment_vne"" style=""white-space: nowrap; display: none;"">
<svg class=""ic ic-comment""><use xlink:href=""#Comment-Reg""></use></svg>
<span class=""txt_num_comment font_icon"" data-objectid=""4665686"" data-objecttype=""1"" data-type=""comment""></span>
</a>
</span>
</p>",,"<a class=""thumb thumb-5x3"" data-medium=""Item-7"" data-thumb=""1"" href=""https://vnexpress.net/chim-hai-tau-cau-muc-15-ngu-dan-mat-tich-4665686.html"" title=""Chìm hai tàu câu mực, 15 ngư dân mất tích"">
<picture>
<!--[if IE 9]><video style=""display: none;""><![endif]-->
<source srcset=""https://i1-vnexpress.vnecdn.net/2023/10/17/393668461-1344127296494232-644-8326-3677-1697515191.jpg?w=240&amp;h=144&amp;q=100&amp;dpr=1&amp;fit=crop&amp;s=vBQhb_PMT7akIYZS7aW9Hw 1x, https://i1-vnexpress.vnecdn.net/2023/10/17/393668461-1344127296494232-644-8326-3677-1697515191.jpg?w=240&amp;h=144&amp;q=100&amp;dpr=2&amp;fit=crop&amp;s=KOGE19Ym67OnCsu3XBrjCg 2x""/>
<!--[if IE 9]></video><![endif]-->
<img alt=""Chìm hai tàu câu mực, 15 ngư dân mất tích"" class=""lazy"" intrinsicsize=""240x144"" itemprop=""contentUrl"" loading=""lazy"" src=""https://i1-vnexpress.vnecdn.net/2023/10/17/393668461-1344127296494232-644-8326-3677-1697515191.jpg?w=240&amp;h=144&amp;q=100&amp;dpr=1&amp;fit=crop&amp;s=vBQhb_PMT7akIYZS7aW9Hw"" style=""transform: translateX(-50%); left: 50%;""/>
</picture> </a>"
"<h3 class=""title-news"">
<a data-medium=""Item-8"" data-thumb=""1"" href=""https://vnexpress.net/ngap-lut-chia-cat-nhieu-khu-dan-cu-4665578.html"" title=""Ngập lụt chia cắt nhiều khu dân cư"">
Ngập lụt chia cắt nhiều khu dân cư	</a>
</h3>","<p class=""description"">
<a data-medium=""Item-8"" data-thumb=""0"" href=""https://vnexpress.net/ngap-lut-chia-cat-nhieu-khu-dan-cu-4665578.html"" title=""Ngập lụt chia cắt nhiều khu dân cư""><span class=""location-stamp"">Quảng Ngãi</span>Mưa lớn ba ngày qua khiến nhiều khu dân cư ở huyện Bình Sơn bị ngập, một số nơi bị sạt lở phải di dời dân.</a>
<span class=""meta-news"">
<a class=""count_cmt"" href=""https://vnexpress.net/ngap-lut-chia-cat-nhieu-khu-dan-cu-4665578.html#box_comment_vne"" style=""white-space: nowrap; display: none;"">
<svg class=""ic ic-comment""><use xlink:href=""#Comment-Reg""></use></svg>
<span class=""txt_num_comment font_icon"" data-objectid=""4665578"" data-objecttype=""1"" data-type=""comment""></span>
</a>
</span>
</p>",,"<a class=""thumb thumb-5x3"" data-medium=""Item-8"" data-thumb=""1"" href=""https://vnexpress.net/ngap-lut-chia-cat-nhieu-khu-dan-cu-4665578.html"" title=""Ngập lụt chia cắt nhiều khu dân cư"">
<picture>
<!--[if IE 9]><video style=""display: none;""><![endif]-->
<source srcset=""https://i1-vnexpress.vnecdn.net/2023/10/17/cong-khu-dan-cu-8505-169750042-6264-9725-1697502018.jpg?w=240&amp;h=144&amp;q=100&amp;dpr=1&amp;fit=crop&amp;s=kl3o5U6Z_fFkK7GjYomLFw 1x, https://i1-vnexpress.vnecdn.net/2023/10/17/cong-khu-dan-cu-8505-169750042-6264-9725-1697502018.jpg?w=240&amp;h=144&amp;q=100&amp;dpr=2&amp;fit=crop&amp;s=nONV1GnSmDXrBSk9bfcCyw 2x""/>
<!--[if IE 9]></video><![endif]-->
<img alt=""Ngập lụt chia cắt nhiều khu dân cư"" class=""lazy"" intrinsicsize=""240x144"" itemprop=""contentUrl"" loading=""lazy"" src=""https://i1-vnexpress.vnecdn.net/2023/10/17/cong-khu-dan-cu-8505-169750042-6264-9725-1697502018.jpg?w=240&amp;h=144&amp;q=100&amp;dpr=1&amp;fit=crop&amp;s=kl3o5U6Z_fFkK7GjYomLFw"" style=""transform: translateX(-50%); left: 50%;""/>
</picture> </a>"
"<h3 class=""title-news"">
<a data-medium=""Item-9"" data-thumb=""1"" href=""https://vnexpress.net/che-thung-nhua-thanh-be-giu-tai-san-trong-mua-lu-4665501.html"" title=""Chế thùng nhựa thành bè giữ tài sản trong mưa lũ"">
Chế thùng nhựa thành bè giữ tài sản trong mưa lũ	</a>
</h3>","<p class=""description"">
<a data-medium=""Item-9"" data-thumb=""0"" href=""https://vnexpress.net/che-thung-nhua-thanh-be-giu-tai-san-trong-mua-lu-4665501.html"" title=""Chế thùng nhựa thành bè giữ tài sản trong mưa lũ""><span class=""location-stamp"">Quảng Nam</span>Nhà bên sông Đầm thường xuyên ngập lũ, ông Châu Văn Cư kết thùng phuy nhựa loại 500 lít thành bè để cất giữ tài sản, làm phương tiện cứu hộ.</a>
<span class=""meta-news"">
<a class=""count_cmt"" href=""https://vnexpress.net/che-thung-nhua-thanh-be-giu-tai-san-trong-mua-lu-4665501.html#box_comment_vne"" style=""white-space: nowrap; display: none;"">
<svg class=""ic ic-comment""><use xlink:href=""#Comment-Reg""></use></svg>
<span class=""txt_num_comment font_icon"" data-objectid=""4665501"" data-objecttype=""1"" data-type=""comment""></span>
</a>
</span>
</p>",,"<a class=""thumb thumb-5x3"" data-medium=""Item-9"" data-thumb=""1"" href=""https://vnexpress.net/che-thung-nhua-thanh-be-giu-tai-san-trong-mua-lu-4665501.html"" title=""Chế thùng nhựa thành bè giữ tài sản trong mưa lũ"">
<picture>
<!--[if IE 9]><video style=""display: none;""><![endif]-->
<source srcset=""https://i1-vnexpress.vnecdn.net/2023/10/16/anh5-1697452492-6338-1697453578.jpg?w=240&amp;h=144&amp;q=100&amp;dpr=1&amp;fit=crop&amp;s=bfmGz9phPE8QemetkcI7Rw 1x, https://i1-vnexpress.vnecdn.net/2023/10/16/anh5-1697452492-6338-1697453578.jpg?w=240&amp;h=144&amp;q=100&amp;dpr=2&amp;fit=crop&amp;s=W5KzFVT_wrxG4JIcPHODlg 2x""/>
<!--[if IE 9]></video><![endif]-->
<img alt=""Chế thùng nhựa thành bè giữ tài sản trong mưa lũ"" class=""lazy"" intrinsicsize=""240x144"" itemprop=""contentUrl"" loading=""lazy"" src=""https://i1-vnexpress.vnecdn.net/2023/10/16/anh5-1697452492-6338-1697453578.jpg?w=240&amp;h=144&amp;q=100&amp;dpr=1&amp;fit=crop&amp;s=bfmGz9phPE8QemetkcI7Rw"" style=""transform: translateX(-50%); left: 50%;""/>
</picture> </a>"
,,,
"<h3 class=""title-news"">
<a data-medium=""Item-10"" data-thumb=""1"" href=""https://vnexpress.net/dinh-ky-danh-gia-de-an-xay-duong-sat-toc-do-cao-bac-nam-4665545.html"" title=""Định kỳ đánh giá đề án xây đường sắt tốc độ cao Bắc Nam"">
Định kỳ đánh giá đề án xây đường sắt tốc độ cao Bắc Nam </a>
</h3>","<p class=""description"">
<a data-medium=""Item-10"" data-thumb=""1"" href=""https://vnexpress.net/dinh-ky-danh-gia-de-an-xay-duong-sat-toc-do-cao-bac-nam-4665545.html"" title=""Định kỳ đánh giá đề án xây đường sắt tốc độ cao Bắc Nam"">Ban chỉ đạo đề án đầu tư đường sắt tốc độ cao Bắc Nam họp định kỳ ba tháng một lần nhằm đánh giá tình hình thực hiện nhiệm vụ và xử lý vướng mắc.</a>
<span class=""meta-news"">
<a class=""count_cmt"" href=""https://vnexpress.net/dinh-ky-danh-gia-de-an-xay-duong-sat-toc-do-cao-bac-nam-4665545.html#box_comment_vne"" style=""white-space: nowrap; display: none;"">
<svg class=""ic ic-comment""><use xlink:href=""#Comment-Reg""></use></svg>
<span class=""txt_num_comment font_icon"" data-objectid=""4665545"" data-objecttype=""1"" data-type=""comment""></span>
</a>
</span>
</p>",,"<a class=""thumb thumb-5x3"" data-medium=""Item-10"" data-thumb=""1"" href=""https://vnexpress.net/dinh-ky-danh-gia-de-an-xay-duong-sat-toc-do-cao-bac-nam-4665545.html"" title=""Định kỳ đánh giá đề án xây đường sắt tốc độ cao Bắc Nam"">
<picture>
<!--[if IE 9]><video style=""display: none;""><![endif]-->
<source srcset=""https://i1-vnexpress.vnecdn.net/2023/10/16/5-1490090454-680x0-5283-156266-7681-2047-1697466630.jpg?w=240&amp;h=144&amp;q=100&amp;dpr=1&amp;fit=crop&amp;s=H6EM8yuXKIQbCZkvhHVLCw 1x, https://i1-vnexpress.vnecdn.net/2023/10/16/5-1490090454-680x0-5283-156266-7681-2047-1697466630.jpg?w=240&amp;h=144&amp;q=100&amp;dpr=2&amp;fit=crop&amp;s=sCEkwyowmrRBGp6SRop9Nw 2x""/>
<!--[if IE 9]></video><![endif]-->
<img alt=""Định kỳ đánh giá đề án xây đường sắt tốc độ cao Bắc Nam"" class=""lazy"" intrinsicsize=""240x144"" itemprop=""contentUrl"" loading=""lazy"" src=""https://i1-vnexpress.vnecdn.net/2023/10/16/5-1490090454-680x0-5283-156266-7681-2047-1697466630.jpg?w=240&amp;h=144&amp;q=100&amp;dpr=1&amp;fit=crop&amp;s=H6EM8yuXKIQbCZkvhHVLCw"" style=""transform: translateX(-50%); left: 50%;""/>
</picture> </a>"
"<h3 class=""title-news"">
<a data-medium=""Item-11"" data-thumb=""1"" href=""https://vnexpress.net/dua-1-850-ho-bi-di-doi-de-lam-cao-toc-vao-khu-tai-dinh-cu-san-bay-4665522.html"" title=""Đưa 1.850 hộ bị di dời để làm cao tốc vào khu tái định cư sân bay"">
Đưa 1.850 hộ bị di dời để làm cao tốc vào khu tái định cư sân bay </a>
</h3>","<p class=""description"">
<a data-medium=""Item-11"" data-thumb=""1"" href=""https://vnexpress.net/dua-1-850-ho-bi-di-doi-de-lam-cao-toc-vao-khu-tai-dinh-cu-san-bay-4665522.html"" title=""Đưa 1.850 hộ bị di dời để làm cao tốc vào khu tái định cư sân bay""><span class=""location-stamp"">Đồng Nai</span>1.850 hộ bị giải toả làm cao tốc Biên Hoà - Vũng Tàu sẽ được bố trí ở Khu tái định cư Lộc An - Bình Sơn của dự án sân bay Long Thành.</a>
<span class=""meta-news"">
<a class=""count_cmt"" href=""https://vnexpress.net/dua-1-850-ho-bi-di-doi-de-lam-cao-toc-vao-khu-tai-dinh-cu-san-bay-4665522.html#box_comment_vne"" style=""white-space: nowrap; display: none;"">
<svg class=""ic ic-comment""><use xlink:href=""#Comment-Reg""></use></svg>
<span class=""txt_num_comment font_icon"" data-objectid=""4665522"" data-objecttype=""1"" data-type=""comment""></span>
</a>
</span>
</p>",,"<a class=""thumb thumb-5x3"" data-medium=""Item-11"" data-thumb=""1"" href=""https://vnexpress.net/dua-1-850-ho-bi-di-doi-de-lam-cao-toc-vao-khu-tai-dinh-cu-san-bay-4665522.html"" title=""Đưa 1.850 hộ bị di dời để làm cao tốc vào khu tái định cư sân bay"">
<picture>
<!--[if IE 9]><video style=""display: none;""><![endif]-->
<source srcset=""https://i1-vnexpress.vnecdn.net/2023/10/16/DJI-0747-JPG-1673449452-167344-4552-1678-1697464935.jpg?w=240&amp;h=144&amp;q=100&amp;dpr=1&amp;fit=crop&amp;s=xnxtR97EA9d-ZaPqoeWE8w 1x, https://i1-vnexpress.vnecdn.net/2023/10/16/DJI-0747-JPG-1673449452-167344-4552-1678-1697464935.jpg?w=240&amp;h=144&amp;q=100&amp;dpr=2&amp;fit=crop&amp;s=NNuGEEGUZ8VSwM7R01wmow 2x""/>
<!--[if IE 9]></video><![endif]-->
<img alt=""Đưa 1.850 hộ bị di dời để làm cao tốc vào khu tái định cư sân bay"" class=""lazy"" intrinsicsize=""240x144"" itemprop=""contentUrl"" loading=""lazy"" src=""https://i1-vnexpress.vnecdn.net/2023/10/16/DJI-0747-JPG-1673449452-167344-4552-1678-1697464935.jpg?w=240&amp;h=144&amp;q=100&amp;dpr=1&amp;fit=crop&amp;s=xnxtR97EA9d-ZaPqoeWE8w"" style=""transform: translateX(-50%); left: 50%;""/>
</picture> </a>"
"<h3 class=""title-news"">
<a data-medium=""Item-12"" data-thumb=""1"" href=""https://vnexpress.net/bao-hiem-xa-hoi-khong-muon-giu-quyen-kien-doanh-nghiep-no-tien-4665526.html"" title=""Bảo hiểm xã hội không muốn giữ quyền kiện doanh nghiệp nợ tiền"">
Bảo hiểm xã hội không muốn giữ quyền kiện doanh nghiệp nợ tiền </a>
</h3>","<p class=""description"">
<a data-medium=""Item-12"" data-thumb=""1"" href=""https://vnexpress.net/bao-hiem-xa-hoi-khong-muon-giu-quyen-kien-doanh-nghiep-no-tien-4665526.html"" title=""Bảo hiểm xã hội không muốn giữ quyền kiện doanh nghiệp nợ tiền"">Trong khi tổ chức công đoàn, chuyên gia cho rằng dự thảo luật giao Bảo hiểm xã hội kiện doanh nghiệp để nợ tiền là phù hợp thì cơ quan này đề xuất bỏ.</a>
<span class=""meta-news"">
<a class=""count_cmt"" href=""https://vnexpress.net/bao-hiem-xa-hoi-khong-muon-giu-quyen-kien-doanh-nghiep-no-tien-4665526.html#box_comment_vne"" style=""white-space: nowrap; display: none;"">
<svg class=""ic ic-comment""><use xlink:href=""#Comment-Reg""></use></svg>
<span class=""txt_num_comment font_icon"" data-objectid=""4665526"" data-objecttype=""1"" data-type=""comment""></span>
</a>
</span>
</p>",,"<a class=""thumb thumb-5x3"" data-medium=""Item-12"" data-thumb=""1"" href=""https://vnexpress.net/bao-hiem-xa-hoi-khong-muon-giu-quyen-kien-doanh-nghiep-no-tien-4665526.html"" title=""Bảo hiểm xã hội không muốn giữ quyền kiện doanh nghiệp nợ tiền"">
<picture>
<!--[if IE 9]><video style=""display: none;""><![endif]-->
<source srcset=""https://i1-vnexpress.vnecdn.net/2023/10/16/congnhanmay-bhxh-q1-ttung9-169-7164-8679-1697458267.jpg?w=240&amp;h=144&amp;q=100&amp;dpr=1&amp;fit=crop&amp;s=64aVyiGKxSUttzcFrGaFWQ 1x, https://i1-vnexpress.vnecdn.net/2023/10/16/congnhanmay-bhxh-q1-ttung9-169-7164-8679-1697458267.jpg?w=240&amp;h=144&amp;q=100&amp;dpr=2&amp;fit=crop&amp;s=bETj6ILptkoHjKxXNlI9UQ 2x""/>
<!--[if IE 9]></video><![endif]-->
<img alt=""Bảo hiểm xã hội không muốn giữ quyền kiện doanh nghiệp nợ tiền"" class=""lazy"" intrinsicsize=""240x144"" itemprop=""contentUrl"" loading=""lazy"" src=""https://i1-vnexpress.vnecdn.net/2023/10/16/congnhanmay-bhxh-q1-ttung9-169-7164-8679-1697458267.jpg?w=240&amp;h=144&amp;q=100&amp;dpr=1&amp;fit=crop&amp;s=64aVyiGKxSUttzcFrGaFWQ"" style=""transform: translateX(-50%); left: 50%;""/>
</picture> </a>"
"<h3 class=""title-news"">
<a data-medium=""Item-13"" data-thumb=""1"" href=""https://vnexpress.net/cao-toc-nghi-son-dien-chau-nghi-bi-do-hoa-chat-4665459.html"" title=""Cao tốc Nghi Sơn - Diễn Châu nghi bị đổ hóa chất"">
Cao tốc Nghi Sơn - Diễn Châu nghi bị đổ hóa chất </a>
</h3>","<p class=""description"">
<a data-medium=""Item-13"" data-thumb=""1"" href=""https://vnexpress.net/cao-toc-nghi-son-dien-chau-nghi-bi-do-hoa-chat-4665459.html"" title=""Cao tốc Nghi Sơn - Diễn Châu nghi bị đổ hóa chất"">Khoảng 2 km cao tốc qua Thanh Hóa xuất hiện vệt màu đen bất thường, mặt đường bị phân hủy khiến nhà thầu nghi ngờ ""có kẻ xấu đổ hóa chất phá hoại"".</a>
<span class=""meta-news"">
<a class=""count_cmt"" href=""https://vnexpress.net/cao-toc-nghi-son-dien-chau-nghi-bi-do-hoa-chat-4665459.html#box_comment_vne"" style=""white-space: nowrap; display: none;"">
<svg class=""ic ic-comment""><use xlink:href=""#Comment-Reg""></use></svg>
<span class=""txt_num_comment font_icon"" data-objectid=""4665459"" data-objecttype=""1"" data-type=""comment""></span>
</a>
</span>
</p>",,"<a class=""thumb thumb-5x3"" data-medium=""Item-13"" data-thumb=""1"" href=""https://vnexpress.net/cao-toc-nghi-son-dien-chau-nghi-bi-do-hoa-chat-4665459.html"" title=""Cao tốc Nghi Sơn - Diễn Châu nghi bị đổ hóa chất"">
<picture>
<!--[if IE 9]><video style=""display: none;""><![endif]-->
<source data-srcset=""https://i1-vnexpress.vnecdn.net/2023/10/16/1113-jpeg-5434-1697448296-1697-4762-2937-1697452255.jpg?w=240&amp;h=144&amp;q=100&amp;dpr=1&amp;fit=crop&amp;s=ODYuunoCr5OeZnw4fnBgvA 1x, https://i1-vnexpress.vnecdn.net/2023/10/16/1113-jpeg-5434-1697448296-1697-4762-2937-1697452255.jpg?w=240&amp;h=144&amp;q=100&amp;dpr=2&amp;fit=crop&amp;s=QwlSk2lyE8rdsV-Z4v5CYg 2x""/>
<!--[if IE 9]></video><![endif]-->
<img alt=""Cao tốc Nghi Sơn - Diễn Châu nghi bị đổ hóa chất"" class=""lazy"" data-src=""https://i1-vnexpress.vnecdn.net/2023/10/16/1113-jpeg-5434-1697448296-1697-4762-2937-1697452255.jpg?w=240&amp;h=144&amp;q=100&amp;dpr=1&amp;fit=crop&amp;s=ODYuunoCr5OeZnw4fnBgvA"" intrinsicsize=""240x144"" itemprop=""contentUrl"" loading=""lazy"" src=""data:image/gif;base64,R0lGODlhAQABAAAAACH5BAEKAAEALAAAAAABAAEAAAICTAEAOw=="" style=""transform: translateX(-50%); left: 50%;""/>
</picture> </a>"
"<h3 class=""title-news"">
<a data-medium=""Item-14"" data-thumb=""1"" href=""https://vnexpress.net/ha-noi-du-kien-tang-gia-ve-xe-buyt-cao-nhat-20-000-dong-4665340.html"" title=""Hà Nội dự kiến tăng giá vé xe buýt cao nhất 20.000 đồng"">
Hà Nội dự kiến tăng giá vé xe buýt cao nhất 20.000 đồng </a>
</h3>","<p class=""description"">
<a data-medium=""Item-14"" data-thumb=""1"" href=""https://vnexpress.net/ha-noi-du-kien-tang-gia-ve-xe-buyt-cao-nhat-20-000-dong-4665340.html"" title=""Hà Nội dự kiến tăng giá vé xe buýt cao nhất 20.000 đồng"">Sở Giao thông Vận tải Hà Nội đề xuất từ ngày 1/1/2024 sẽ tăng giá vé xe buýt thêm 1.000-11.000 đồng so với hiện nay, tùy thuộc cự ly, loại vé và diện ưu tiên.</a>
<span class=""meta-news"">
<a class=""count_cmt"" href=""https://vnexpress.net/ha-noi-du-kien-tang-gia-ve-xe-buyt-cao-nhat-20-000-dong-4665340.html#box_comment_vne"" style=""white-space: nowrap; display: none;"">
<svg class=""ic ic-comment""><use xlink:href=""#Comment-Reg""></use></svg>
<span class=""txt_num_comment font_icon"" data-objectid=""4665340"" data-objecttype=""1"" data-type=""comment""></span>
</a>
</span>
</p>",,"<a class=""thumb thumb-5x3"" data-medium=""Item-14"" data-thumb=""1"" href=""https://vnexpress.net/ha-noi-du-kien-tang-gia-ve-xe-buyt-cao-nhat-20-000-dong-4665340.html"" title=""Hà Nội dự kiến tăng giá vé xe buýt cao nhất 20.000 đồng"">
<picture>
<!--[if IE 9]><video style=""display: none;""><![endif]-->
<source data-srcset=""https://i1-vnexpress.vnecdn.net/2023/10/16/xebuyt-1697441111-4483-1697442068.jpg?w=240&amp;h=144&amp;q=100&amp;dpr=1&amp;fit=crop&amp;s=fIEpHkuB5H17-clCzXe1hw 1x, https://i1-vnexpress.vnecdn.net/2023/10/16/xebuyt-1697441111-4483-1697442068.jpg?w=240&amp;h=144&amp;q=100&amp;dpr=2&amp;fit=crop&amp;s=mvzAsj1T9LhcQXzUqzonyQ 2x""/>
<!--[if IE 9]></video><![endif]-->
<img alt=""Hà Nội dự kiến tăng giá vé xe buýt cao nhất 20.000 đồng"" class=""lazy"" data-src=""https://i1-vnexpress.vnecdn.net/2023/10/16/xebuyt-1697441111-4483-1697442068.jpg?w=240&amp;h=144&amp;q=100&amp;dpr=1&amp;fit=crop&amp;s=fIEpHkuB5H17-clCzXe1hw"" intrinsicsize=""240x144"" itemprop=""contentUrl"" loading=""lazy"" src=""data:image/gif;base64,R0lGODlhAQABAAAAACH5BAEKAAEALAAAAAABAAEAAAICTAEAOw=="" style=""transform: translateX(-50%); left: 50%;""/>
</picture> </a>"
"<h3 class=""title-news"">
<a data-medium=""Item-15"" data-thumb=""1"" href=""https://vnexpress.net/loi-hai-cam-xe-tai-chay-lan-1-cao-toc-4665080.html"" title=""Lợi - hại cấm xe tải chạy làn 1 cao tốc"">
Lợi - hại cấm xe tải chạy làn 1 cao tốc </a>
</h3>","<p class=""description"">
<a data-medium=""Item-15"" data-thumb=""1"" href=""https://vnexpress.net/loi-hai-cam-xe-tai-chay-lan-1-cao-toc-4665080.html"" title=""Lợi - hại cấm xe tải chạy làn 1 cao tốc"">Cấm xe tải chạy làn 1 (bên trái sát dải phân cách) giúp tăng khả năng lưu thông trên cao tốc nhưng có thể gây ùn tắc các làn còn lại, tăng chi phí vận chuyển.</a>
<span class=""meta-news"">
<a class=""count_cmt"" href=""https://vnexpress.net/loi-hai-cam-xe-tai-chay-lan-1-cao-toc-4665080.html#box_comment_vne"" style=""white-space: nowrap; display: none;"">
<svg class=""ic ic-comment""><use xlink:href=""#Comment-Reg""></use></svg>
<span class=""txt_num_comment font_icon"" data-objectid=""4665080"" data-objecttype=""1"" data-type=""comment""></span>
</a>
</span>
</p>",,"<a class=""thumb thumb-5x3"" data-medium=""Item-15"" data-thumb=""1"" href=""https://vnexpress.net/loi-hai-cam-xe-tai-chay-lan-1-cao-toc-4665080.html"" title=""Lợi - hại cấm xe tải chạy làn 1 cao tốc"">
<picture>
<!--[if IE 9]><video style=""display: none;""><![endif]-->
<source data-srcset=""https://i1-vnexpress.vnecdn.net/2023/10/16/cao-toc-phap-van-9-1697445013-5154-1697445072.jpg?w=240&amp;h=144&amp;q=100&amp;dpr=1&amp;fit=crop&amp;s=bAf-a-90MhHpeH16RwcUtg 1x, https://i1-vnexpress.vnecdn.net/2023/10/16/cao-toc-phap-van-9-1697445013-5154-1697445072.jpg?w=240&amp;h=144&amp;q=100&amp;dpr=2&amp;fit=crop&amp;s=AWGIFSLNms9nvjT0ZGFM7A 2x""/>
<!--[if IE 9]></video><![endif]-->
<img alt=""Lợi - hại cấm xe tải chạy làn 1 cao tốc"" class=""lazy"" data-src=""https://i1-vnexpress.vnecdn.net/2023/10/16/cao-toc-phap-van-9-1697445013-5154-1697445072.jpg?w=240&amp;h=144&amp;q=100&amp;dpr=1&amp;fit=crop&amp;s=bAf-a-90MhHpeH16RwcUtg"" intrinsicsize=""240x144"" itemprop=""contentUrl"" loading=""lazy"" src=""data:image/gif;base64,R0lGODlhAQABAAAAACH5BAEKAAEALAAAAAABAAEAAAICTAEAOw=="" style=""transform: translateX(-50%); left: 50%;""/>
</picture> </a>"
,,,
"<h3 class=""title-news"">
<a data-medium=""Item-16"" data-thumb=""1"" href=""https://vnexpress.net/du-kien-dau-tu-hon-18-000-ty-dong-xay-cao-toc-tan-phu-bao-loc-4665342.html"" title=""Dự kiến đầu tư hơn 18.000 tỷ đồng xây cao tốc Tân Phú - Bảo Lộc"">
Dự kiến đầu tư hơn 18.000 tỷ đồng xây cao tốc Tân Phú - Bảo Lộc </a>
</h3>","<p class=""description"">
<a data-medium=""Item-16"" data-thumb=""1"" href=""https://vnexpress.net/du-kien-dau-tu-hon-18-000-ty-dong-xay-cao-toc-tan-phu-bao-loc-4665342.html"" title=""Dự kiến đầu tư hơn 18.000 tỷ đồng xây cao tốc Tân Phú - Bảo Lộc"">Cao tốc Tân Phú - Bảo Lộc dài 66 km, đi qua hai tỉnh Đồng Nai, Lâm Đồng, có tổng mức đầu tư dự kiến 18.120 tỷ đồng theo hình thức đối tác công tư (PPP).</a>
<span class=""meta-news"">
<a class=""count_cmt"" href=""https://vnexpress.net/du-kien-dau-tu-hon-18-000-ty-dong-xay-cao-toc-tan-phu-bao-loc-4665342.html#box_comment_vne"" style=""white-space: nowrap; display: none;"">
<svg class=""ic ic-comment""><use xlink:href=""#Comment-Reg""></use></svg>
<span class=""txt_num_comment font_icon"" data-objectid=""4665342"" data-objecttype=""1"" data-type=""comment""></span>
</a>
</span>
</p>",,"<a class=""thumb thumb-5x3"" data-medium=""Item-16"" data-thumb=""1"" href=""https://vnexpress.net/du-kien-dau-tu-hon-18-000-ty-dong-xay-cao-toc-tan-phu-bao-loc-4665342.html"" title=""Dự kiến đầu tư hơn 18.000 tỷ đồng xây cao tốc Tân Phú - Bảo Lộc"">
<picture>
<!--[if IE 9]><video style=""display: none;""><![endif]-->
<source data-srcset=""https://i1-vnexpress.vnecdn.net/2023/10/16/caotoc-1640714029-6524-1640714-7570-5445-1697431033.png?w=240&amp;h=144&amp;q=100&amp;dpr=1&amp;fit=crop&amp;s=3p4t7NR6Lq1zNjtd_LFHEw 1x, https://i1-vnexpress.vnecdn.net/2023/10/16/caotoc-1640714029-6524-1640714-7570-5445-1697431033.png?w=240&amp;h=144&amp;q=100&amp;dpr=2&amp;fit=crop&amp;s=EeMkqgiRRnXC4Q5G8wY6gQ 2x""/>
<!--[if IE 9]></video><![endif]-->
<img alt=""Dự kiến đầu tư hơn 18.000 tỷ đồng xây cao tốc Tân Phú - Bảo Lộc"" class=""lazy"" data-src=""https://i1-vnexpress.vnecdn.net/2023/10/16/caotoc-1640714029-6524-1640714-7570-5445-1697431033.png?w=240&amp;h=144&amp;q=100&amp;dpr=1&amp;fit=crop&amp;s=3p4t7NR6Lq1zNjtd_LFHEw"" intrinsicsize=""240x144"" itemprop=""contentUrl"" loading=""lazy"" src=""data:image/gif;base64,R0lGODlhAQABAAAAACH5BAEKAAEALAAAAAABAAEAAAICTAEAOw=="" style=""transform: translateX(-50%); left: 50%;""/>
</picture> </a>"
"<h3 class=""title-news"">
<a data-medium=""Item-17"" data-thumb=""1"" href=""https://vnexpress.net/cu-dan-khu-do-thi-xep-hang-lay-nuoc-sinh-hoat-4665129.html"" title=""Cư dân khu đô thị xếp hàng lấy nước sinh hoạt"">
Cư dân khu đô thị xếp hàng lấy nước sinh hoạt </a>
</h3>","<p class=""description"">
<a data-medium=""Item-17"" data-thumb=""1"" href=""https://vnexpress.net/cu-dan-khu-do-thi-xep-hang-lay-nuoc-sinh-hoat-4665129.html"" title=""Cư dân khu đô thị xếp hàng lấy nước sinh hoạt""><span class=""location-stamp"">Hà Nội</span>Hàng trăm cư dân ở Khu đô thị Thanh Hà, xã Cự Khê, huyện Thanh Oai, xếp hàng chờ lấy nước sạch suốt đêm 15/10.</a>
<span class=""meta-news"">
<a class=""count_cmt"" href=""https://vnexpress.net/cu-dan-khu-do-thi-xep-hang-lay-nuoc-sinh-hoat-4665129.html#box_comment_vne"" style=""white-space: nowrap; display: none;"">
<svg class=""ic ic-comment""><use xlink:href=""#Comment-Reg""></use></svg>
<span class=""txt_num_comment font_icon"" data-objectid=""4665129"" data-objecttype=""3"" data-type=""comment""></span>
</a>
</span>
</p>",,"<a class=""thumb thumb-5x3"" data-medium=""Item-17"" data-thumb=""1"" href=""https://vnexpress.net/cu-dan-khu-do-thi-xep-hang-lay-nuoc-sinh-hoat-4665129.html"" title=""Cư dân khu đô thị xếp hàng lấy nước sinh hoạt"">
<picture>
<!--[if IE 9]><video style=""display: none;""><![endif]-->
<source data-srcset=""https://i1-vnexpress.vnecdn.net/2023/10/16/nuoc-jpg-1697423652-1697423688.jpg?w=240&amp;h=144&amp;q=100&amp;dpr=1&amp;fit=crop&amp;s=gL27-Z-BL3cSHFPWcKvZJA 1x, https://i1-vnexpress.vnecdn.net/2023/10/16/nuoc-jpg-1697423652-1697423688.jpg?w=240&amp;h=144&amp;q=100&amp;dpr=2&amp;fit=crop&amp;s=aiBb7y43lHvxWBe6TT7CwQ 2x""/>
<!--[if IE 9]></video><![endif]-->
<img alt=""Cư dân khu đô thị xếp hàng lấy nước sinh hoạt"" class=""lazy"" data-src=""https://i1-vnexpress.vnecdn.net/2023/10/16/nuoc-jpg-1697423652-1697423688.jpg?w=240&amp;h=144&amp;q=100&amp;dpr=1&amp;fit=crop&amp;s=gL27-Z-BL3cSHFPWcKvZJA"" intrinsicsize=""240x144"" itemprop=""contentUrl"" loading=""lazy"" src=""data:image/gif;base64,R0lGODlhAQABAAAAACH5BAEKAAEALAAAAAABAAEAAAICTAEAOw=="" style=""transform: translateX(-50%); left: 50%;""/>
</picture> <span class=""icon_thumb_videophoto""><svg class=""ic ic-camera""><use xlink:href=""#Camera""></use></svg></span> </a>"
"<h3 class=""title-news"">
<a data-medium=""Item-18"" data-thumb=""1"" href=""https://vnexpress.net/pho-chu-tich-quoc-hoi-tang-luong-phai-di-kem-voi-trach-nhiem-can-bo-4665244.html"" title=""Phó chủ tịch Quốc hội: Tăng lương phải đi kèm với trách nhiệm cán bộ"">
Phó chủ tịch Quốc hội: Tăng lương phải đi kèm với trách nhiệm cán bộ </a>
</h3>","<p class=""description"">
<a data-medium=""Item-18"" data-thumb=""1"" href=""https://vnexpress.net/pho-chu-tich-quoc-hoi-tang-luong-phai-di-kem-voi-trach-nhiem-can-bo-4665244.html"" title=""Phó chủ tịch Quốc hội: Tăng lương phải đi kèm với trách nhiệm cán bộ"">Phó chủ tịch Quốc hội Nguyễn Khắc Định cho rằng cải cách chính sách tiền lương phải gắn với nâng cao chất lượng, trách nhiệm của đội ngũ cán bộ, công chức.</a>
<span class=""meta-news"">
<a class=""count_cmt"" href=""https://vnexpress.net/pho-chu-tich-quoc-hoi-tang-luong-phai-di-kem-voi-trach-nhiem-can-bo-4665244.html#box_comment_vne"" style=""white-space: nowrap; display: none;"">
<svg class=""ic ic-comment""><use xlink:href=""#Comment-Reg""></use></svg>
<span class=""txt_num_comment font_icon"" data-objectid=""4665244"" data-objecttype=""1"" data-type=""comment""></span>
</a>
</span>
</p>",,"<a class=""thumb thumb-5x3"" data-medium=""Item-18"" data-thumb=""1"" href=""https://vnexpress.net/pho-chu-tich-quoc-hoi-tang-luong-phai-di-kem-voi-trach-nhiem-can-bo-4665244.html"" title=""Phó chủ tịch Quốc hội: Tăng lương phải đi kèm với trách nhiệm cán bộ"">
<picture>
<!--[if IE 9]><video style=""display: none;""><![endif]-->
<source data-srcset=""https://i1-vnexpress.vnecdn.net/2023/10/16/161020230912-z4787325455642-30-7287-2978-1697426118.jpg?w=240&amp;h=144&amp;q=100&amp;dpr=1&amp;fit=crop&amp;s=qyxIMa0UA-vd_k8ZNfzeLA 1x, https://i1-vnexpress.vnecdn.net/2023/10/16/161020230912-z4787325455642-30-7287-2978-1697426118.jpg?w=240&amp;h=144&amp;q=100&amp;dpr=2&amp;fit=crop&amp;s=fhf0e1ki_slF_Yy-4QRkfw 2x""/>
<!--[if IE 9]></video><![endif]-->
<img alt=""Phó chủ tịch Quốc hội: Tăng lương phải đi kèm với trách nhiệm cán bộ"" class=""lazy"" data-src=""https://i1-vnexpress.vnecdn.net/2023/10/16/161020230912-z4787325455642-30-7287-2978-1697426118.jpg?w=240&amp;h=144&amp;q=100&amp;dpr=1&amp;fit=crop&amp;s=qyxIMa0UA-vd_k8ZNfzeLA"" intrinsicsize=""240x144"" itemprop=""contentUrl"" loading=""lazy"" src=""data:image/gif;base64,R0lGODlhAQABAAAAACH5BAEKAAEALAAAAAABAAEAAAICTAEAOw=="" style=""transform: translateX(-50%); left: 50%;""/>
</picture> </a>"
"<h3 class=""title-news"">
<a data-medium=""Item-19"" data-thumb=""1"" href=""https://vnexpress.net/chay-kho-nhua-gan-1-000-m2-4665236.html"" title=""Cháy kho nhựa gần 1.000 m2"">
Cháy kho nhựa gần 1.000 m2 </a>
</h3>","<p class=""description"">
<a data-medium=""Item-19"" data-thumb=""1"" href=""https://vnexpress.net/chay-kho-nhua-gan-1-000-m2-4665236.html"" title=""Cháy kho nhựa gần 1.000 m2""><span class=""location-stamp"">Quảng Nam</span>Lửa bùng lên từ kho nhựa rộng gần 1.000 m2 của doanh nghiệp ở TP Tam Kỳ khiến ba xe tải và toàn bộ hàng hóa bị thiêu rụi, sáng 16/10.</a>
<span class=""meta-news"">
<a class=""count_cmt"" href=""https://vnexpress.net/chay-kho-nhua-gan-1-000-m2-4665236.html#box_comment_vne"" style=""white-space: nowrap; display: none;"">
<svg class=""ic ic-comment""><use xlink:href=""#Comment-Reg""></use></svg>
<span class=""txt_num_comment font_icon"" data-objectid=""4665236"" data-objecttype=""1"" data-type=""comment""></span>
</a>
</span>
</p>",,"<a class=""thumb thumb-5x3"" data-medium=""Item-19"" data-thumb=""1"" href=""https://vnexpress.net/chay-kho-nhua-gan-1-000-m2-4665236.html"" title=""Cháy kho nhựa gần 1.000 m2"">
<picture>
<!--[if IE 9]><video style=""display: none;""><![endif]-->
<source data-srcset=""https://i1-vnexpress.vnecdn.net/2023/10/16/chay-1697426144-2584-1697426151.jpg?w=240&amp;h=144&amp;q=100&amp;dpr=1&amp;fit=crop&amp;s=wG9DqtWevtu5qkoggVcdcw 1x, https://i1-vnexpress.vnecdn.net/2023/10/16/chay-1697426144-2584-1697426151.jpg?w=240&amp;h=144&amp;q=100&amp;dpr=2&amp;fit=crop&amp;s=pMmvNEhyAp-QX-CywaMwrQ 2x""/>
<!--[if IE 9]></video><![endif]-->
<img alt=""Cháy kho nhựa gần 1.000 m2"" class=""lazy"" data-src=""https://i1-vnexpress.vnecdn.net/2023/10/16/chay-1697426144-2584-1697426151.jpg?w=240&amp;h=144&amp;q=100&amp;dpr=1&amp;fit=crop&amp;s=wG9DqtWevtu5qkoggVcdcw"" intrinsicsize=""240x144"" itemprop=""contentUrl"" loading=""lazy"" src=""data:image/gif;base64,R0lGODlhAQABAAAAACH5BAEKAAEALAAAAAABAAEAAAICTAEAOw=="" style=""transform: translateX(-50%); left: 50%;""/>
</picture> </a>"
"<h3 class=""title-news"">
<a data-medium=""Item-20"" data-thumb=""1"" href=""https://vnexpress.net/ben-trong-ham-dia-chat-phuc-tap-nhat-cao-toc-bac-nam-4665088.html"" title=""Bên trong hầm địa chất phức tạp nhất cao tốc Bắc Nam"">
Bên trong hầm địa chất phức tạp nhất cao tốc Bắc Nam </a>
</h3>","<p class=""description"">
<a data-medium=""Item-20"" data-thumb=""1"" href=""https://vnexpress.net/ben-trong-ham-dia-chat-phuc-tap-nhat-cao-toc-bac-nam-4665088.html"" title=""Bên trong hầm địa chất phức tạp nhất cao tốc Bắc Nam""><span class=""location-stamp"">Nghệ An</span>Thuộc dự án Diễn Châu - Bãi Vọt, hầm Thần Vũ dài hơn một km, vốn đầu tư 1.350 tỷ đồng, là hầm xuyên núi có địa chất phức tạp nhất cao tốc Bắc Nam.</a>
<span class=""meta-news"">
<a class=""count_cmt"" href=""https://vnexpress.net/ben-trong-ham-dia-chat-phuc-tap-nhat-cao-toc-bac-nam-4665088.html#box_comment_vne"" style=""white-space: nowrap; display: none;"">
<svg class=""ic ic-comment""><use xlink:href=""#Comment-Reg""></use></svg>
<span class=""txt_num_comment font_icon"" data-objectid=""4665088"" data-objecttype=""3"" data-type=""comment""></span>
</a>
</span>
</p>",,"<a class=""thumb thumb-5x3"" data-medium=""Item-20"" data-thumb=""1"" href=""https://vnexpress.net/ben-trong-ham-dia-chat-phuc-tap-nhat-cao-toc-bac-nam-4665088.html"" title=""Bên trong hầm địa chất phức tạp nhất cao tốc Bắc Nam"">
<picture>
<!--[if IE 9]><video style=""display: none;""><![endif]-->
<source data-srcset=""https://i1-vnexpress.vnecdn.net/2023/10/16/ben-trong-ham-co-dia-chat-phuc-tap-nhat-cao-toc-bac-nam-17-1697365577-1697429017-1697443100.jpg?w=240&amp;h=144&amp;q=100&amp;dpr=1&amp;fit=crop&amp;s=LETOqPTb4n0xXHk2wXvThw 1x, https://i1-vnexpress.vnecdn.net/2023/10/16/ben-trong-ham-co-dia-chat-phuc-tap-nhat-cao-toc-bac-nam-17-1697365577-1697429017-1697443100.jpg?w=240&amp;h=144&amp;q=100&amp;dpr=2&amp;fit=crop&amp;s=a4_zcsMy_YtSHFJ7_nGzLw 2x""/>
<!--[if IE 9]></video><![endif]-->
<img alt=""Bên trong hầm địa chất phức tạp nhất cao tốc Bắc Nam"" class=""lazy"" data-src=""https://i1-vnexpress.vnecdn.net/2023/10/16/ben-trong-ham-co-dia-chat-phuc-tap-nhat-cao-toc-bac-nam-17-1697365577-1697429017-1697443100.jpg?w=240&amp;h=144&amp;q=100&amp;dpr=1&amp;fit=crop&amp;s=LETOqPTb4n0xXHk2wXvThw"" intrinsicsize=""240x144"" itemprop=""contentUrl"" loading=""lazy"" src=""data:image/gif;base64,R0lGODlhAQABAAAAACH5BAEKAAEALAAAAAABAAEAAAICTAEAOw=="" style=""transform: translateX(-50%); left: 50%;""/>
</picture> <span class=""icon_thumb_videophoto""><svg class=""ic ic-camera""><use xlink:href=""#Camera""></use></svg></span> </a>"
"<h3 class=""title-news"">
<a data-medium=""Item-21"" data-thumb=""1"" href=""https://vnexpress.net/chi-ngan-sach-thay-doi-the-nao-khi-sua-luat-bao-hiem-xa-hoi-4665126.html"" title=""Chi ngân sách thay đổi thế nào khi sửa Luật Bảo hiểm xã hội?"">
Chi ngân sách thay đổi thế nào khi sửa Luật Bảo hiểm xã hội? </a>
</h3>","<p class=""description"">
<a data-medium=""Item-21"" data-thumb=""1"" href=""https://vnexpress.net/chi-ngan-sach-thay-doi-the-nao-khi-sua-luat-bao-hiem-xa-hoi-4665126.html"" title=""Chi ngân sách thay đổi thế nào khi sửa Luật Bảo hiểm xã hội?"">Nếu nâng trợ cấp từ 360.000 lên 500.000 đồng mỗi tháng và giảm độ tuổi thụ hưởng từ 80 xuống 75, ngân sách dự kiến chi 30.000 tỷ đồng giai đoạn 2025-2030.</a>
<span class=""meta-news"">
<a class=""count_cmt"" href=""https://vnexpress.net/chi-ngan-sach-thay-doi-the-nao-khi-sua-luat-bao-hiem-xa-hoi-4665126.html#box_comment_vne"" style=""white-space: nowrap; display: none;"">
<svg class=""ic ic-comment""><use xlink:href=""#Comment-Reg""></use></svg>
<span class=""txt_num_comment font_icon"" data-objectid=""4665126"" data-objecttype=""1"" data-type=""comment""></span>
</a>
</span>
</p>",,"<a class=""thumb thumb-5x3"" data-medium=""Item-21"" data-thumb=""1"" href=""https://vnexpress.net/chi-ngan-sach-thay-doi-the-nao-khi-sua-luat-bao-hiem-xa-hoi-4665126.html"" title=""Chi ngân sách thay đổi thế nào khi sửa Luật Bảo hiểm xã hội?"">
<picture>
<!--[if IE 9]><video style=""display: none;""><![endif]-->
<source data-srcset=""https://i1-vnexpress.vnecdn.net/2023/10/15/top-1697387931-6602-1697388249.jpg?w=240&amp;h=144&amp;q=100&amp;dpr=1&amp;fit=crop&amp;s=tAm10LVvE3I6g8keZZN_yw 1x, https://i1-vnexpress.vnecdn.net/2023/10/15/top-1697387931-6602-1697388249.jpg?w=240&amp;h=144&amp;q=100&amp;dpr=2&amp;fit=crop&amp;s=rifhQE1N4SmJiobbqxgACg 2x""/>
<!--[if IE 9]></video><![endif]-->
<img alt=""Chi ngân sách thay đổi thế nào khi sửa Luật Bảo hiểm xã hội?"" class=""lazy"" data-src=""https://i1-vnexpress.vnecdn.net/2023/10/15/top-1697387931-6602-1697388249.jpg?w=240&amp;h=144&amp;q=100&amp;dpr=1&amp;fit=crop&amp;s=tAm10LVvE3I6g8keZZN_yw"" intrinsicsize=""240x144"" itemprop=""contentUrl"" loading=""lazy"" src=""data:image/gif;base64,R0lGODlhAQABAAAAACH5BAEKAAEALAAAAAABAAEAAAICTAEAOw=="" style=""transform: translateX(-50%); left: 50%;""/>
</picture> </a>"
,,,
"<h3 class=""title-news"">
<a data-medium=""Item-22"" data-thumb=""1"" href=""https://vnexpress.net/mua-ngap-cuon-troi-oto-o-binh-duong-4665117.html"" title=""Mưa ngập cuốn trôi ôtô ở Bình Dương"">
Mưa ngập cuốn trôi ôtô ở Bình Dương </a>
</h3>","<p class=""description"">
<a data-medium=""Item-22"" data-thumb=""1"" href=""https://vnexpress.net/mua-ngap-cuon-troi-oto-o-binh-duong-4665117.html"" title=""Mưa ngập cuốn trôi ôtô ở Bình Dương"">Trận mưa lớn kéo dài khiến một số đường ở TP Thủ Dầu Một, TP Dĩ An ngập hơn một mét, cuốn trôi ôtô, ảnh hưởng người dân, tối 15/10.</a>
<span class=""meta-news"">
<a class=""count_cmt"" href=""https://vnexpress.net/mua-ngap-cuon-troi-oto-o-binh-duong-4665117.html#box_comment_vne"" style=""white-space: nowrap; display: none;"">
<svg class=""ic ic-comment""><use xlink:href=""#Comment-Reg""></use></svg>
<span class=""txt_num_comment font_icon"" data-objectid=""4665117"" data-objecttype=""1"" data-type=""comment""></span>
</a>
</span>
</p>",,"<a class=""thumb thumb-5x3"" data-medium=""Item-22"" data-thumb=""1"" href=""https://vnexpress.net/mua-ngap-cuon-troi-oto-o-binh-duong-4665117.html"" title=""Mưa ngập cuốn trôi ôtô ở Bình Dương"">
<video autoplay="""" class=""lazy thumb-gif"" itemprop=""contentUrl"" loop="""" muted="""" playsinline="""" poster=""https://i1-vnexpress.vnecdn.net/2023/10/16/z4787530262209-dad4b8821f10788-4226-7467-1697425162.gif?w=240&amp;h=144&amp;q=100&amp;dpr=1&amp;fit=crop&amp;s=gk8rKVYv_0Ts4OSu4OMHeg&amp;t=image"" preload=""none"" style=""transform: translateX(-50%); left: 50%;"">
<source data-src-image=""https://i1-vnexpress.vnecdn.net/2023/10/16/z4787530262209-dad4b8821f10788-4226-7467-1697425162.gif?w=240&amp;h=144&amp;q=100&amp;dpr=1&amp;fit=crop&amp;s=gk8rKVYv_0Ts4OSu4OMHeg&amp;t=image"" data-src-video=""https://i1-vnexpress.vnecdn.net/2023/10/16/z4787530262209-dad4b8821f10788-4226-7467-1697425162.gif?w=240&amp;h=144&amp;q=100&amp;dpr=1&amp;fit=crop&amp;s=BMdMUcHpA5_Ytj3QpH1WVA&amp;t=video"" src=""https://i1-vnexpress.vnecdn.net/2023/10/16/z4787530262209-dad4b8821f10788-4226-7467-1697425162.gif?w=240&amp;h=144&amp;q=100&amp;dpr=1&amp;fit=crop&amp;s=BMdMUcHpA5_Ytj3QpH1WVA&amp;t=video"" type=""video/mp4""/>
</video> </a>"
"<h3 class=""title-news"">
<a data-medium=""Item-23"" data-thumb=""1"" href=""https://vnexpress.net/oto-lao-vao-nhom-phu-huynh-don-con-mot-nguoi-chet-4665102.html"" title=""Ôtô lao vào nhóm phụ huynh đón con, một người chết"">
Ôtô lao vào nhóm phụ huynh đón con, một người chết </a>
</h3>","<p class=""description"">
<a data-medium=""Item-23"" data-thumb=""1"" href=""https://vnexpress.net/oto-lao-vao-nhom-phu-huynh-don-con-mot-nguoi-chet-4665102.html"" title=""Ôtô lao vào nhóm phụ huynh đón con, một người chết""><span class=""location-stamp"">Bình Dương</span>Người đàn ông có dấu hiệu say xỉn lái xe 4 chỗ lao lên vỉa hè ở TP Thủ Dầu Một, tông nhiều phụ huynh chờ con học thêm, một nạn nhân tử vong, chiều 15/10.</a>
<span class=""meta-news"">
<a class=""count_cmt"" href=""https://vnexpress.net/oto-lao-vao-nhom-phu-huynh-don-con-mot-nguoi-chet-4665102.html#box_comment_vne"" style=""white-space: nowrap; display: none;"">
<svg class=""ic ic-comment""><use xlink:href=""#Comment-Reg""></use></svg>
<span class=""txt_num_comment font_icon"" data-objectid=""4665102"" data-objecttype=""1"" data-type=""comment""></span>
</a>
</span>
</p>",,"<a class=""thumb thumb-5x3"" data-medium=""Item-23"" data-thumb=""1"" href=""https://vnexpress.net/oto-lao-vao-nhom-phu-huynh-don-con-mot-nguoi-chet-4665102.html"" title=""Ôtô lao vào nhóm phụ huynh đón con, một người chết"">
<picture>
<!--[if IE 9]><video style=""display: none;""><![endif]-->
<source srcset=""https://i1-vnexpress.vnecdn.net/2023/10/15/tai-nan-2-782-1697377575-16973-8222-3346-1697377820.jpg?w=240&amp;h=144&amp;q=100&amp;dpr=1&amp;fit=crop&amp;s=zzDa0uUqdTzvNGKwgRTkjQ 1x, https://i1-vnexpress.vnecdn.net/2023/10/15/tai-nan-2-782-1697377575-16973-8222-3346-1697377820.jpg?w=240&amp;h=144&amp;q=100&amp;dpr=2&amp;fit=crop&amp;s=NPHdlafYpDWtOto6YEWx8A 2x""/>
<!--[if IE 9]></video><![endif]-->
<img alt=""Ôtô lao vào nhóm phụ huynh đón con, một người chết"" class=""lazy"" intrinsicsize=""240x144"" itemprop=""contentUrl"" loading=""lazy"" src=""https://i1-vnexpress.vnecdn.net/2023/10/15/tai-nan-2-782-1697377575-16973-8222-3346-1697377820.jpg?w=240&amp;h=144&amp;q=100&amp;dpr=1&amp;fit=crop&amp;s=zzDa0uUqdTzvNGKwgRTkjQ"" style=""transform: translateX(-50%); left: 50%;""/>
</picture> </a>"
"<h3 class=""title-news"">
<a data-medium=""Item-24"" data-thumb=""1"" href=""https://vnexpress.net/nguoi-dan-tam-ky-don-do-tranh-lu-4665081.html"" title=""Người dân Tam Kỳ dọn đồ tránh lũ"">
Người dân Tam Kỳ dọn đồ tránh lũ </a>
</h3>","<p class=""description"">
<a data-medium=""Item-24"" data-thumb=""1"" href=""https://vnexpress.net/nguoi-dan-tam-ky-don-do-tranh-lu-4665081.html"" title=""Người dân Tam Kỳ dọn đồ tránh lũ""><span class=""location-stamp"">Quảng Nam</span>Mưa lớn khiến nước tràn vào các khu dân cư thấp trũng ở TP Tam Kỳ, người dân thu dọn tài sản, gia cầm đưa lên cao tránh ngập.</a>
<span class=""meta-news"">
<a class=""count_cmt"" href=""https://vnexpress.net/nguoi-dan-tam-ky-don-do-tranh-lu-4665081.html#box_comment_vne"" style=""white-space: nowrap; display: none;"">
<svg class=""ic ic-comment""><use xlink:href=""#Comment-Reg""></use></svg>
<span class=""txt_num_comment font_icon"" data-objectid=""4665081"" data-objecttype=""3"" data-type=""comment""></span>
</a>
</span>
</p>",,"<a class=""thumb thumb-5x3"" data-medium=""Item-24"" data-thumb=""1"" href=""https://vnexpress.net/nguoi-dan-tam-ky-don-do-tranh-lu-4665081.html"" title=""Người dân Tam Kỳ dọn đồ tránh lũ"">
<picture>
<!--[if IE 9]><video style=""display: none;""><![endif]-->
<source srcset=""https://i1-vnexpress.vnecdn.net/2023/10/16/ngap-1-1697432370-1697432510.jpg?w=240&amp;h=144&amp;q=100&amp;dpr=1&amp;fit=crop&amp;s=xc4lZRZ8utwDCHnikfguAw 1x, https://i1-vnexpress.vnecdn.net/2023/10/16/ngap-1-1697432370-1697432510.jpg?w=240&amp;h=144&amp;q=100&amp;dpr=2&amp;fit=crop&amp;s=1q2p5QF40Xiva85GajryBg 2x""/>
<!--[if IE 9]></video><![endif]-->
<img alt=""Người dân Tam Kỳ dọn đồ tránh lũ"" class=""lazy"" intrinsicsize=""240x144"" itemprop=""contentUrl"" loading=""lazy"" src=""https://i1-vnexpress.vnecdn.net/2023/10/16/ngap-1-1697432370-1697432510.jpg?w=240&amp;h=144&amp;q=100&amp;dpr=1&amp;fit=crop&amp;s=xc4lZRZ8utwDCHnikfguAw"" style=""transform: translateX(-50%); left: 50%;""/>
</picture> <span class=""icon_thumb_videophoto""><svg class=""ic ic-camera""><use xlink:href=""#Camera""></use></svg></span> </a>"
"<h3 class=""title-news"">
<a data-medium=""Item-25"" data-thumb=""1"" href=""https://vnexpress.net/xu-phat-hon-140-trieu-dong-sau-su-co-sap-san-betong-trung-tam-van-hoa-4665068.html"" title=""Xử phạt hơn 140 triệu đồng sau sự cố sập sàn bêtông trung tâm văn hóa"">
Xử phạt hơn 140 triệu đồng sau sự cố sập sàn bêtông trung tâm văn hóa </a>
</h3>","<p class=""description"">
<a data-medium=""Item-25"" data-thumb=""1"" href=""https://vnexpress.net/xu-phat-hon-140-trieu-dong-sau-su-co-sap-san-betong-trung-tam-van-hoa-4665068.html"" title=""Xử phạt hơn 140 triệu đồng sau sự cố sập sàn bêtông trung tâm văn hóa""><span class=""location-stamp"">Quảng Bình</span>Thanh tra Sở Xây dựng phạt hai đơn vị và cá nhân hơn 140 triệu đồng liên quan sự cố sập sàn bêtông Trung tâm Văn hóa huyện Tuyên Hóa, ngày 15/10.</a>
<span class=""meta-news"">
<a class=""count_cmt"" href=""https://vnexpress.net/xu-phat-hon-140-trieu-dong-sau-su-co-sap-san-betong-trung-tam-van-hoa-4665068.html#box_comment_vne"" style=""white-space: nowrap; display: none;"">
<svg class=""ic ic-comment""><use xlink:href=""#Comment-Reg""></use></svg>
<span class=""txt_num_comment font_icon"" data-objectid=""4665068"" data-objecttype=""1"" data-type=""comment""></span>
</a>
</span>
</p>",,"<a class=""thumb thumb-5x3"" data-medium=""Item-25"" data-thumb=""1"" href=""https://vnexpress.net/xu-phat-hon-140-trieu-dong-sau-su-co-sap-san-betong-trung-tam-van-hoa-4665068.html"" title=""Xử phạt hơn 140 triệu đồng sau sự cố sập sàn bêtông trung tâm văn hóa"">
<picture>
<!--[if IE 9]><video style=""display: none;""><![endif]-->
<source data-srcset=""https://i1-vnexpress.vnecdn.net/2023/10/10/1-9864-1694956569-2570-1696926846.jpg?w=240&amp;h=144&amp;q=100&amp;dpr=1&amp;fit=crop&amp;s=o0PU6_-25UnoTAfeWCkwfg 1x, https://i1-vnexpress.vnecdn.net/2023/10/10/1-9864-1694956569-2570-1696926846.jpg?w=240&amp;h=144&amp;q=100&amp;dpr=2&amp;fit=crop&amp;s=TDQc8FUXnEKNamuJesvweQ 2x""/>
<!--[if IE 9]></video><![endif]-->
<img alt=""Xử phạt hơn 140 triệu đồng sau sự cố sập sàn bêtông trung tâm văn hóa"" class=""lazy"" data-src=""https://i1-vnexpress.vnecdn.net/2023/10/10/1-9864-1694956569-2570-1696926846.jpg?w=240&amp;h=144&amp;q=100&amp;dpr=1&amp;fit=crop&amp;s=o0PU6_-25UnoTAfeWCkwfg"" intrinsicsize=""240x144"" itemprop=""contentUrl"" loading=""lazy"" src=""data:image/gif;base64,R0lGODlhAQABAAAAACH5BAEKAAEALAAAAAABAAEAAAICTAEAOw=="" style=""transform: translateX(-50%); left: 50%;""/>
</picture> </a>"
"<h3 class=""title-news"">
<a data-medium=""Item-26"" data-thumb=""1"" href=""https://vnexpress.net/ben-trong-xuong-bao-duong-may-bay-o-noi-bai-4663914.html"" title=""Bên trong xưởng bảo dưỡng máy bay ở Nội Bài"">
Bên trong xưởng bảo dưỡng máy bay ở Nội Bài </a>
</h3>","<p class=""description"">
<a data-medium=""Item-26"" data-thumb=""1"" href=""https://vnexpress.net/ben-trong-xuong-bao-duong-may-bay-o-noi-bai-4663914.html"" title=""Bên trong xưởng bảo dưỡng máy bay ở Nội Bài""><span class=""location-stamp"">Hà Nội</span>Trong nhà xưởng rộng 12.000 m2 ở sân bay Nội Bài, khoảng 300 kỹ sư, kỹ thuật viên... tất bật sửa chữa, bảo dưỡng các loại máy bay để đảm bảo việc khai thác.</a>
<span class=""meta-news"">
<a class=""count_cmt"" href=""https://vnexpress.net/ben-trong-xuong-bao-duong-may-bay-o-noi-bai-4663914.html#box_comment_vne"" style=""white-space: nowrap; display: none;"">
<svg class=""ic ic-comment""><use xlink:href=""#Comment-Reg""></use></svg>
<span class=""txt_num_comment font_icon"" data-objectid=""4663914"" data-objecttype=""3"" data-type=""comment""></span>
</a>
</span>
</p>",,"<a class=""thumb thumb-5x3"" data-medium=""Item-26"" data-thumb=""1"" href=""https://vnexpress.net/ben-trong-xuong-bao-duong-may-bay-o-noi-bai-4663914.html"" title=""Bên trong xưởng bảo dưỡng máy bay ở Nội Bài"">
<picture>
<!--[if IE 9]><video style=""display: none;""><![endif]-->
<source data-srcset=""https://i1-vnexpress.vnecdn.net/2023/10/12/dsc-5644-1697082404-1697093065.jpg?w=240&amp;h=144&amp;q=100&amp;dpr=1&amp;fit=crop&amp;s=bbcmXZYZkdMNsf1IdwX6Hg 1x, https://i1-vnexpress.vnecdn.net/2023/10/12/dsc-5644-1697082404-1697093065.jpg?w=240&amp;h=144&amp;q=100&amp;dpr=2&amp;fit=crop&amp;s=G5vqNm9viCHY_CWcep-aYA 2x""/>
<!--[if IE 9]></video><![endif]-->
<img alt=""Bên trong xưởng bảo dưỡng máy bay ở Nội Bài"" class=""lazy"" data-src=""https://i1-vnexpress.vnecdn.net/2023/10/12/dsc-5644-1697082404-1697093065.jpg?w=240&amp;h=144&amp;q=100&amp;dpr=1&amp;fit=crop&amp;s=bbcmXZYZkdMNsf1IdwX6Hg"" intrinsicsize=""240x144"" itemprop=""contentUrl"" loading=""lazy"" src=""data:image/gif;base64,R0lGODlhAQABAAAAACH5BAEKAAEALAAAAAABAAEAAAICTAEAOw=="" style=""transform: translateX(-50%); left: 50%;""/>
</picture> <span class=""icon_thumb_videophoto""><svg class=""ic ic-camera""><use xlink:href=""#Camera""></use></svg></span> </a>"
"<h3 class=""title-news"">
<a data-medium=""Item-27"" data-thumb=""1"" href=""https://vnexpress.net/lat-thuyen-danh-ca-mot-nguoi-mat-tich-4665051.html"" title=""Lật thuyền đánh cá, một người mất tích"">
Lật thuyền đánh cá, một người mất tích </a>
</h3>","<p class=""description"">
<a data-medium=""Item-27"" data-thumb=""1"" href=""https://vnexpress.net/lat-thuyen-danh-ca-mot-nguoi-mat-tich-4665051.html"" title=""Lật thuyền đánh cá, một người mất tích""><span class=""location-stamp"">Quảng Nam</span>Mưa lớn, thuyền đánh cá của vợ chồng ông Võ Văn Lĩnh ở huyện Thăng Bình bị lật trên sông Trường Giang, người vợ được cứu, người chồng mất tích.</a>
<span class=""meta-news"">
<a class=""count_cmt"" href=""https://vnexpress.net/lat-thuyen-danh-ca-mot-nguoi-mat-tich-4665051.html#box_comment_vne"" style=""white-space: nowrap; display: none;"">
<svg class=""ic ic-comment""><use xlink:href=""#Comment-Reg""></use></svg>
<span class=""txt_num_comment font_icon"" data-objectid=""4665051"" data-objecttype=""1"" data-type=""comment""></span>
</a>
</span>
</p>",,"<a class=""thumb thumb-5x3"" data-medium=""Item-27"" data-thumb=""1"" href=""https://vnexpress.net/lat-thuyen-danh-ca-mot-nguoi-mat-tich-4665051.html"" title=""Lật thuyền đánh cá, một người mất tích"">
<picture>
<!--[if IE 9]><video style=""display: none;""><![endif]-->
<source data-srcset=""https://i1-vnexpress.vnecdn.net/2023/10/15/nuoc-song-1697357450-7367-1697357474.jpg?w=240&amp;h=144&amp;q=100&amp;dpr=1&amp;fit=crop&amp;s=TzebfaCSxKBQA9bwAciTTQ 1x, https://i1-vnexpress.vnecdn.net/2023/10/15/nuoc-song-1697357450-7367-1697357474.jpg?w=240&amp;h=144&amp;q=100&amp;dpr=2&amp;fit=crop&amp;s=B0qfPPGfpuebXhXf0W-8og 2x""/>
<!--[if IE 9]></video><![endif]-->
<img alt=""Lật thuyền đánh cá, một người mất tích"" class=""lazy"" data-src=""https://i1-vnexpress.vnecdn.net/2023/10/15/nuoc-song-1697357450-7367-1697357474.jpg?w=240&amp;h=144&amp;q=100&amp;dpr=1&amp;fit=crop&amp;s=TzebfaCSxKBQA9bwAciTTQ"" intrinsicsize=""240x144"" itemprop=""contentUrl"" loading=""lazy"" src=""data:image/gif;base64,R0lGODlhAQABAAAAACH5BAEKAAEALAAAAAABAAEAAAICTAEAOw=="" style=""transform: translateX(-50%); left: 50%;""/>
</picture> </a>"
,,,
"<h3 class=""title-news"">
<a data-medium=""Item-28"" data-thumb=""1"" href=""https://vnexpress.net/tong-bi-thu-nguyen-phu-trong-lam-truong-tieu-ban-nhan-su-dai-hoi-14-4665045.html"" title=""Tổng bí thư Nguyễn Phú Trọng làm Trưởng Tiểu ban nhân sự đại hội 14"">
Tổng bí thư Nguyễn Phú Trọng làm Trưởng Tiểu ban nhân sự đại hội 14 </a>
</h3>","<p class=""description"">
<a data-medium=""Item-28"" data-thumb=""1"" href=""https://vnexpress.net/tong-bi-thu-nguyen-phu-trong-lam-truong-tieu-ban-nhan-su-dai-hoi-14-4665045.html"" title=""Tổng bí thư Nguyễn Phú Trọng làm Trưởng Tiểu ban nhân sự đại hội 14"">Tổng bí thư Nguyễn Phú Trọng làm Trưởng Tiểu ban Văn kiện và Tiểu ban Nhân sự chuẩn bị đại hội lần thứ 14 Ban Chấp hành Trung ương Đảng.</a>
<span class=""meta-news"">
<a class=""count_cmt"" href=""https://vnexpress.net/tong-bi-thu-nguyen-phu-trong-lam-truong-tieu-ban-nhan-su-dai-hoi-14-4665045.html#box_comment_vne"" style=""white-space: nowrap; display: none;"">
<svg class=""ic ic-comment""><use xlink:href=""#Comment-Reg""></use></svg>
<span class=""txt_num_comment font_icon"" data-objectid=""4665045"" data-objecttype=""1"" data-type=""comment""></span>
</a>
</span>
</p>",,"<a class=""thumb thumb-5x3"" data-medium=""Item-28"" data-thumb=""1"" href=""https://vnexpress.net/tong-bi-thu-nguyen-phu-trong-lam-truong-tieu-ban-nhan-su-dai-hoi-14-4665045.html"" title=""Tổng bí thư Nguyễn Phú Trọng làm Trưởng Tiểu ban nhân sự đại hội 14"">
<picture>
<!--[if IE 9]><video style=""display: none;""><![endif]-->
<source data-srcset=""https://i1-vnexpress.vnecdn.net/2023/10/15/6fefc984ef023b5c6213-169674226-6658-5952-1697350216.jpg?w=240&amp;h=144&amp;q=100&amp;dpr=1&amp;fit=crop&amp;s=V36O5I6YTPYzqm_ejqr_-A 1x, https://i1-vnexpress.vnecdn.net/2023/10/15/6fefc984ef023b5c6213-169674226-6658-5952-1697350216.jpg?w=240&amp;h=144&amp;q=100&amp;dpr=2&amp;fit=crop&amp;s=UzRaTKcSnO-4WSmt4e7NwA 2x""/>
<!--[if IE 9]></video><![endif]-->
<img alt=""Tổng bí thư Nguyễn Phú Trọng làm Trưởng Tiểu ban nhân sự đại hội 14"" class=""lazy"" data-src=""https://i1-vnexpress.vnecdn.net/2023/10/15/6fefc984ef023b5c6213-169674226-6658-5952-1697350216.jpg?w=240&amp;h=144&amp;q=100&amp;dpr=1&amp;fit=crop&amp;s=V36O5I6YTPYzqm_ejqr_-A"" intrinsicsize=""240x144"" itemprop=""contentUrl"" loading=""lazy"" src=""data:image/gif;base64,R0lGODlhAQABAAAAACH5BAEKAAEALAAAAAABAAEAAAICTAEAOw=="" style=""transform: translateX(-50%); left: 50%;""/>
</picture> </a>"
"<h3 class=""title-news"">
<a data-medium=""Item-29"" data-thumb=""1"" href=""https://vnexpress.net/nong-dan-da-nang-mot-rau-trong-lu-4665039.html"" title=""Nông dân Đà Nẵng mót rau trong lũ"">
Nông dân Đà Nẵng mót rau trong lũ </a>
</h3>","<p class=""description"">
<a data-medium=""Item-29"" data-thumb=""1"" href=""https://vnexpress.net/nong-dan-da-nang-mot-rau-trong-lu-4665039.html"" title=""Nông dân Đà Nẵng mót rau trong lũ"">Làng rau sạch La Hường, quận Cẩm Lệ, bị nước lũ tàn phá, nông dân đội mưa ra đồng mong vớt vát từng bó rau mang bán.</a>
<span class=""meta-news"">
<a class=""count_cmt"" href=""https://vnexpress.net/nong-dan-da-nang-mot-rau-trong-lu-4665039.html#box_comment_vne"" style=""white-space: nowrap; display: none;"">
<svg class=""ic ic-comment""><use xlink:href=""#Comment-Reg""></use></svg>
<span class=""txt_num_comment font_icon"" data-objectid=""4665039"" data-objecttype=""1"" data-type=""comment""></span>
</a>
</span>
</p>",,"<a class=""thumb thumb-5x3"" data-medium=""Item-29"" data-thumb=""1"" href=""https://vnexpress.net/nong-dan-da-nang-mot-rau-trong-lu-4665039.html"" title=""Nông dân Đà Nẵng mót rau trong lũ"">
<picture>
<!--[if IE 9]><video style=""display: none;""><![endif]-->
<source data-srcset=""https://i1-vnexpress.vnecdn.net/2023/10/15/dscf5766-1697346954-8487-1697346971.jpg?w=240&amp;h=144&amp;q=100&amp;dpr=1&amp;fit=crop&amp;s=-byIjLgThv3m8JH-VfNSLw 1x, https://i1-vnexpress.vnecdn.net/2023/10/15/dscf5766-1697346954-8487-1697346971.jpg?w=240&amp;h=144&amp;q=100&amp;dpr=2&amp;fit=crop&amp;s=CcbS-eFLnvfqWe26A9b16A 2x""/>
<!--[if IE 9]></video><![endif]-->
<img alt=""Nông dân Đà Nẵng mót rau trong lũ"" class=""lazy"" data-src=""https://i1-vnexpress.vnecdn.net/2023/10/15/dscf5766-1697346954-8487-1697346971.jpg?w=240&amp;h=144&amp;q=100&amp;dpr=1&amp;fit=crop&amp;s=-byIjLgThv3m8JH-VfNSLw"" intrinsicsize=""240x144"" itemprop=""contentUrl"" loading=""lazy"" src=""data:image/gif;base64,R0lGODlhAQABAAAAACH5BAEKAAEALAAAAAABAAEAAAICTAEAOw=="" style=""transform: translateX(-50%); left: 50%;""/>
</picture> </a>"
"<h3 class=""title-news"">
<a data-medium=""Item-30"" data-thumb=""1"" href=""https://vnexpress.net/mien-trung-mua-keo-dai-4664982.html"" title=""Miền Trung mưa kéo dài"">
Miền Trung mưa kéo dài </a>
</h3>","<p class=""description"">
<a data-medium=""Item-30"" data-thumb=""1"" href=""https://vnexpress.net/mien-trung-mua-keo-dai-4664982.html"" title=""Miền Trung mưa kéo dài"">Do xuất hiện vùng áp thấp ở Biển Đông, mưa ở miền Trung sẽ kéo dài nhiều ngày tới, mở rộng ra Bắc Trung Bộ, Kon Tum, Gia Lai, Quảng Ngãi, Bình Định.</a>
<span class=""meta-news"">
<a class=""count_cmt"" href=""https://vnexpress.net/mien-trung-mua-keo-dai-4664982.html#box_comment_vne"" style=""white-space: nowrap; display: none;"">
<svg class=""ic ic-comment""><use xlink:href=""#Comment-Reg""></use></svg>
<span class=""txt_num_comment font_icon"" data-objectid=""4664982"" data-objecttype=""1"" data-type=""comment""></span>
</a>
</span>
</p>",,"<a class=""thumb thumb-5x3"" data-medium=""Item-30"" data-thumb=""1"" href=""https://vnexpress.net/mien-trung-mua-keo-dai-4664982.html"" title=""Miền Trung mưa kéo dài"">
<picture>
<!--[if IE 9]><video style=""display: none;""><![endif]-->
<source data-srcset=""https://i1-vnexpress.vnecdn.net/2023/10/15/ngap-2-jpg-1697336204-1793-169-8497-5516-1697340942.jpg?w=240&amp;h=144&amp;q=100&amp;dpr=1&amp;fit=crop&amp;s=1fQwshGAZOb0izOknYXG-g 1x, https://i1-vnexpress.vnecdn.net/2023/10/15/ngap-2-jpg-1697336204-1793-169-8497-5516-1697340942.jpg?w=240&amp;h=144&amp;q=100&amp;dpr=2&amp;fit=crop&amp;s=NIXlDcTwPU41z27yIwR1Kg 2x""/>
<!--[if IE 9]></video><![endif]-->
<img alt=""Miền Trung mưa kéo dài"" class=""lazy"" data-src=""https://i1-vnexpress.vnecdn.net/2023/10/15/ngap-2-jpg-1697336204-1793-169-8497-5516-1697340942.jpg?w=240&amp;h=144&amp;q=100&amp;dpr=1&amp;fit=crop&amp;s=1fQwshGAZOb0izOknYXG-g"" intrinsicsize=""240x144"" itemprop=""contentUrl"" loading=""lazy"" src=""data:image/gif;base64,R0lGODlhAQABAAAAACH5BAEKAAEALAAAAAABAAEAAAICTAEAOw=="" style=""transform: translateX(-50%); left: 50%;""/>
</picture> </a>"
"<h3 class=""title-news"">
<a data-medium=""Item-31"" data-thumb=""1"" href=""https://vnexpress.net/tp-hcm-tinh-thi-diem-can-bo-lam-viec-tai-nha-4664956.html"" title=""TP HCM tính thí điểm cán bộ làm việc tại nhà"">
TP HCM tính thí điểm cán bộ làm việc tại nhà </a>
</h3>","<p class=""description"">
<a data-medium=""Item-31"" data-thumb=""1"" href=""https://vnexpress.net/tp-hcm-tinh-thi-diem-can-bo-lam-viec-tai-nha-4664956.html"" title=""TP HCM tính thí điểm cán bộ làm việc tại nhà"">Cán bộ thành phố công tác ở các vị trí không tiếp xúc người dân có thể đăng ký làm việc tại nhà nếu đáp ứng yêu cầu công tác.</a>
<span class=""meta-news"">
<a class=""count_cmt"" href=""https://vnexpress.net/tp-hcm-tinh-thi-diem-can-bo-lam-viec-tai-nha-4664956.html#box_comment_vne"" style=""white-space: nowrap; display: none;"">
<svg class=""ic ic-comment""><use xlink:href=""#Comment-Reg""></use></svg>
<span class=""txt_num_comment font_icon"" data-objectid=""4664956"" data-objecttype=""1"" data-type=""comment""></span>
</a>
</span>
</p>",,"<a class=""thumb thumb-5x3"" data-medium=""Item-31"" data-thumb=""1"" href=""https://vnexpress.net/tp-hcm-tinh-thi-diem-can-bo-lam-viec-tai-nha-4664956.html"" title=""TP HCM tính thí điểm cán bộ làm việc tại nhà"">
<picture>
<!--[if IE 9]><video style=""display: none;""><![endif]-->
<source data-srcset=""https://i1-vnexpress.vnecdn.net/2023/10/15/cg2a6037-3482-1697331263-16973-6617-4022-1697336730.jpg?w=240&amp;h=144&amp;q=100&amp;dpr=1&amp;fit=crop&amp;s=JTwPFra82of0jkCC2uRJKQ 1x, https://i1-vnexpress.vnecdn.net/2023/10/15/cg2a6037-3482-1697331263-16973-6617-4022-1697336730.jpg?w=240&amp;h=144&amp;q=100&amp;dpr=2&amp;fit=crop&amp;s=kjYhuOaNg1iSRHZjvQv3Tg 2x""/>
<!--[if IE 9]></video><![endif]-->
<img alt=""TP HCM tính thí điểm cán bộ làm việc tại nhà"" class=""lazy"" data-src=""https://i1-vnexpress.vnecdn.net/2023/10/15/cg2a6037-3482-1697331263-16973-6617-4022-1697336730.jpg?w=240&amp;h=144&amp;q=100&amp;dpr=1&amp;fit=crop&amp;s=JTwPFra82of0jkCC2uRJKQ"" intrinsicsize=""240x144"" itemprop=""contentUrl"" loading=""lazy"" src=""data:image/gif;base64,R0lGODlhAQABAAAAACH5BAEKAAEALAAAAAABAAEAAAICTAEAOw=="" style=""transform: translateX(-50%); left: 50%;""/>
</picture> </a>"
"<h3 class=""title-news"">
<a data-medium=""Item-32"" data-thumb=""1"" href=""https://vnexpress.net/nguoi-khmer-mien-tay-tranh-tai-o-hoi-dua-bo-4664901.html"" title=""Người Khmer miền Tây tranh tài ở hội đua bò"">
Người Khmer miền Tây tranh tài ở hội đua bò </a>
</h3>","<p class=""description"">
<a data-medium=""Item-32"" data-thumb=""1"" href=""https://vnexpress.net/nguoi-khmer-mien-tay-tranh-tai-o-hoi-dua-bo-4664901.html"" title=""Người Khmer miền Tây tranh tài ở hội đua bò""><span class=""location-stamp"">An Giang</span>Hội đua bò thường niên của đồng bào Khmer vùng Bảy Núi diễn ra sôi nổi, thu hút 25.000 khán giả, người giành giải nhất được xe máy, 30 triệu đồng.</a>
<span class=""meta-news"">
<a class=""count_cmt"" href=""https://vnexpress.net/nguoi-khmer-mien-tay-tranh-tai-o-hoi-dua-bo-4664901.html#box_comment_vne"" style=""white-space: nowrap; display: none;"">
<svg class=""ic ic-comment""><use xlink:href=""#Comment-Reg""></use></svg>
<span class=""txt_num_comment font_icon"" data-objectid=""4664901"" data-objecttype=""3"" data-type=""comment""></span>
</a>
</span>
</p>",,"<a class=""thumb thumb-5x3"" data-medium=""Item-32"" data-thumb=""1"" href=""https://vnexpress.net/nguoi-khmer-mien-tay-tranh-tai-o-hoi-dua-bo-4664901.html"" title=""Người Khmer miền Tây tranh tài ở hội đua bò"">
<picture>
<!--[if IE 9]><video style=""display: none;""><![endif]-->
<source data-srcset=""https://i1-vnexpress.vnecdn.net/2023/10/15/duabo-3-jpg-1697325926-1697325978-1697331702.jpg?w=240&amp;h=144&amp;q=100&amp;dpr=1&amp;fit=crop&amp;s=D2A6E_ZrEctdMKISnDTNZA 1x, https://i1-vnexpress.vnecdn.net/2023/10/15/duabo-3-jpg-1697325926-1697325978-1697331702.jpg?w=240&amp;h=144&amp;q=100&amp;dpr=2&amp;fit=crop&amp;s=dTIaR1-1-K-w8M8JWNEanA 2x""/>
<!--[if IE 9]></video><![endif]-->
<img alt=""Người Khmer miền Tây tranh tài ở hội đua bò"" class=""lazy"" data-src=""https://i1-vnexpress.vnecdn.net/2023/10/15/duabo-3-jpg-1697325926-1697325978-1697331702.jpg?w=240&amp;h=144&amp;q=100&amp;dpr=1&amp;fit=crop&amp;s=D2A6E_ZrEctdMKISnDTNZA"" intrinsicsize=""240x144"" itemprop=""contentUrl"" loading=""lazy"" src=""data:image/gif;base64,R0lGODlhAQABAAAAACH5BAEKAAEALAAAAAABAAEAAAICTAEAOw=="" style=""transform: translateX(-50%); left: 50%;""/>
</picture> <span class=""icon_thumb_videophoto""><svg class=""ic ic-camera""><use xlink:href=""#Camera""></use></svg></span> </a>"
"<h3 class=""title-news"">
<a data-medium=""Item-33"" data-thumb=""1"" href=""https://vnexpress.net/khoi-cong-cau-dai-ngai-8-000-ty-dong-qua-song-hau-4664928.html"" title=""Khởi công cầu Đại Ngãi 8.000 tỷ đồng qua sông Hậu"">
Khởi công cầu Đại Ngãi 8.000 tỷ đồng qua sông Hậu </a>
</h3>","<p class=""description"">
<a data-medium=""Item-33"" data-thumb=""1"" href=""https://vnexpress.net/khoi-cong-cau-dai-ngai-8-000-ty-dong-qua-song-hau-4664928.html"" title=""Khởi công cầu Đại Ngãi 8.000 tỷ đồng qua sông Hậu"">Cầu Đại Ngãi nằm trên quốc lộ 60, dài 15,1 km, bắc qua sông Hậu, giúp rút ngắn 80 km từ Sóc Trăng, Bạc Liêu, Cà Mau về TP HCM được khởi công sáng 15/10.</a>
<span class=""meta-news"">
<a class=""count_cmt"" href=""https://vnexpress.net/khoi-cong-cau-dai-ngai-8-000-ty-dong-qua-song-hau-4664928.html#box_comment_vne"" style=""white-space: nowrap; display: none;"">
<svg class=""ic ic-comment""><use xlink:href=""#Comment-Reg""></use></svg>
<span class=""txt_num_comment font_icon"" data-objectid=""4664928"" data-objecttype=""1"" data-type=""comment""></span>
</a>
</span>
</p>",,"<a class=""thumb thumb-5x3"" data-medium=""Item-33"" data-thumb=""1"" href=""https://vnexpress.net/khoi-cong-cau-dai-ngai-8-000-ty-dong-qua-song-hau-4664928.html"" title=""Khởi công cầu Đại Ngãi 8.000 tỷ đồng qua sông Hậu"">
<picture>
<!--[if IE 9]><video style=""display: none;""><![endif]-->
<source data-srcset=""https://i1-vnexpress.vnecdn.net/2023/10/15/CAUCHINHDAINGAI2020-1697323810-5151-1697325323.jpg?w=240&amp;h=144&amp;q=100&amp;dpr=1&amp;fit=crop&amp;s=Kmg9ICqfsQEpKeNvCCJyMg 1x, https://i1-vnexpress.vnecdn.net/2023/10/15/CAUCHINHDAINGAI2020-1697323810-5151-1697325323.jpg?w=240&amp;h=144&amp;q=100&amp;dpr=2&amp;fit=crop&amp;s=neWJicovyBT8qy9uDIr9QA 2x""/>
<!--[if IE 9]></video><![endif]-->
<img alt=""Khởi công cầu Đại Ngãi 8.000 tỷ đồng qua sông Hậu"" class=""lazy"" data-src=""https://i1-vnexpress.vnecdn.net/2023/10/15/CAUCHINHDAINGAI2020-1697323810-5151-1697325323.jpg?w=240&amp;h=144&amp;q=100&amp;dpr=1&amp;fit=crop&amp;s=Kmg9ICqfsQEpKeNvCCJyMg"" intrinsicsize=""240x144"" itemprop=""contentUrl"" loading=""lazy"" src=""data:image/gif;base64,R0lGODlhAQABAAAAACH5BAEKAAEALAAAAAABAAEAAAICTAEAOw=="" style=""transform: translateX(-50%); left: 50%;""/>
</picture> </a>"
,,,
"<h3 class=""title-news"">
<a data-medium=""Item-34"" data-thumb=""1"" href=""https://vnexpress.net/mo-rong-cau-xoa-nut-that-co-chai-cua-ngo-phia-dong-tp-hcm-4664843.html"" title=""Mở rộng cầu xóa 'nút thắt cổ chai' cửa ngõ phía đông TP HCM"">
Mở rộng cầu xóa 'nút thắt cổ chai' cửa ngõ phía đông TP HCM </a>
</h3>","<p class=""description"">
<a data-medium=""Item-34"" data-thumb=""1"" href=""https://vnexpress.net/mo-rong-cau-xoa-nut-that-co-chai-cua-ngo-phia-dong-tp-hcm-4664843.html"" title=""Mở rộng cầu xóa 'nút thắt cổ chai' cửa ngõ phía đông TP HCM"">Cầu Ông Dầu trên quốc lộ 13, TP Thủ Đức, được xây thêm một nhánh rộng 2,5 m, giúp xóa ""nút thắt cổ chai"" thường xuyên kẹt xe ở cửa ngõ phía đông thành phố.</a>
<span class=""meta-news"">
<a class=""count_cmt"" href=""https://vnexpress.net/mo-rong-cau-xoa-nut-that-co-chai-cua-ngo-phia-dong-tp-hcm-4664843.html#box_comment_vne"" style=""white-space: nowrap; display: none;"">
<svg class=""ic ic-comment""><use xlink:href=""#Comment-Reg""></use></svg>
<span class=""txt_num_comment font_icon"" data-objectid=""4664843"" data-objecttype=""1"" data-type=""comment""></span>
</a>
</span>
</p>",,"<a class=""thumb thumb-5x3"" data-medium=""Item-34"" data-thumb=""1"" href=""https://vnexpress.net/mo-rong-cau-xoa-nut-that-co-chai-cua-ngo-phia-dong-tp-hcm-4664843.html"" title=""Mở rộng cầu xóa 'nút thắt cổ chai' cửa ngõ phía đông TP HCM"">
<picture>
<!--[if IE 9]><video style=""display: none;""><![endif]-->
<source data-srcset=""https://i1-vnexpress.vnecdn.net/2023/10/14/z47824788828862f21e8229ff187fb-1725-4313-1697273938.jpg?w=240&amp;h=144&amp;q=100&amp;dpr=1&amp;fit=crop&amp;s=JZR1lZeOZKQo56BwtlGQqg 1x, https://i1-vnexpress.vnecdn.net/2023/10/14/z47824788828862f21e8229ff187fb-1725-4313-1697273938.jpg?w=240&amp;h=144&amp;q=100&amp;dpr=2&amp;fit=crop&amp;s=C6MXHMrX6q9Cn_a0xjhk4Q 2x""/>
<!--[if IE 9]></video><![endif]-->
<img alt=""Mở rộng cầu xóa 'nút thắt cổ chai' cửa ngõ phía đông TP HCM"" class=""lazy"" data-src=""https://i1-vnexpress.vnecdn.net/2023/10/14/z47824788828862f21e8229ff187fb-1725-4313-1697273938.jpg?w=240&amp;h=144&amp;q=100&amp;dpr=1&amp;fit=crop&amp;s=JZR1lZeOZKQo56BwtlGQqg"" intrinsicsize=""240x144"" itemprop=""contentUrl"" loading=""lazy"" src=""data:image/gif;base64,R0lGODlhAQABAAAAACH5BAEKAAEALAAAAAABAAEAAAICTAEAOw=="" style=""transform: translateX(-50%); left: 50%;""/>
</picture> </a>"
"<h3 class=""title-news"">
<a data-medium=""Item-35"" data-thumb=""1"" href=""https://vnexpress.net/le-sene-dolta-cua-nguoi-khmer-o-sai-gon-4664861.html"" title=""Lễ Sene Dolta của người Khmer ở Sài Gòn"">
Lễ Sene Dolta của người Khmer ở Sài Gòn </a>
</h3>","<p class=""description"">
<a data-medium=""Item-35"" data-thumb=""1"" href=""https://vnexpress.net/le-sene-dolta-cua-nguoi-khmer-o-sai-gon-4664861.html"" title=""Lễ Sene Dolta của người Khmer ở Sài Gòn"">Ngoài cúng vong hồn, người Khmer ở TP HCM còn cúng dường cho sư đi khất thực quanh chùa Chantarangsay, để cầu bình an trong lễ Sene Dolta, ngày 14/10.</a>
<span class=""meta-news"">
<a class=""count_cmt"" href=""https://vnexpress.net/le-sene-dolta-cua-nguoi-khmer-o-sai-gon-4664861.html#box_comment_vne"" style=""white-space: nowrap; display: none;"">
<svg class=""ic ic-comment""><use xlink:href=""#Comment-Reg""></use></svg>
<span class=""txt_num_comment font_icon"" data-objectid=""4664861"" data-objecttype=""3"" data-type=""comment""></span>
</a>
</span>
</p>",,"<a class=""thumb thumb-5x3"" data-medium=""Item-35"" data-thumb=""1"" href=""https://vnexpress.net/le-sene-dolta-cua-nguoi-khmer-o-sai-gon-4664861.html"" title=""Lễ Sene Dolta của người Khmer ở Sài Gòn"">
<picture>
<!--[if IE 9]><video style=""display: none;""><![endif]-->
<source data-srcset=""https://i1-vnexpress.vnecdn.net/2023/10/14/233A2505-1697278492.jpg?w=240&amp;h=144&amp;q=100&amp;dpr=1&amp;fit=crop&amp;s=IsGdVbgArvfZGdOfzWVkQw 1x, https://i1-vnexpress.vnecdn.net/2023/10/14/233A2505-1697278492.jpg?w=240&amp;h=144&amp;q=100&amp;dpr=2&amp;fit=crop&amp;s=qHBTy66bVdYTUSFsKtlWdA 2x""/>
<!--[if IE 9]></video><![endif]-->
<img alt=""Lễ Sene Dolta của người Khmer ở Sài Gòn"" class=""lazy"" data-src=""https://i1-vnexpress.vnecdn.net/2023/10/14/233A2505-1697278492.jpg?w=240&amp;h=144&amp;q=100&amp;dpr=1&amp;fit=crop&amp;s=IsGdVbgArvfZGdOfzWVkQw"" intrinsicsize=""240x144"" itemprop=""contentUrl"" loading=""lazy"" src=""data:image/gif;base64,R0lGODlhAQABAAAAACH5BAEKAAEALAAAAAABAAEAAAICTAEAOw=="" style=""transform: translateX(-50%); left: 50%;""/>
</picture> <span class=""icon_thumb_videophoto""><svg class=""ic ic-camera""><use xlink:href=""#Camera""></use></svg></span> </a>"
"<h3 class=""title-news"">
<a data-medium=""Item-36"" data-thumb=""1"" href=""https://vnexpress.net/nuoi-luon-sach-thu-lai-600-trieu-moi-nam-4664572.html"" title=""Nuôi lươn 'sạch', thu lãi 600 triệu mỗi năm"">
Nuôi lươn 'sạch', thu lãi 600 triệu mỗi năm </a>
</h3>","<p class=""description"">
<a data-medium=""Item-36"" data-thumb=""1"" href=""https://vnexpress.net/nuoi-luon-sach-thu-lai-600-trieu-moi-nam-4664572.html"" title=""Nuôi lươn 'sạch', thu lãi 600 triệu mỗi năm""><span class=""location-stamp"">Cần Thơ</span>Lập trại nuôi đàn lươn 100.000 con bằng công nghệ tuần hoàn nước, Nguyễn Thành Tân, 32 tuổi thu hoạch 15-20 tấn mỗi năm, lãi 500-600 triệu đồng.</a>
<span class=""meta-news"">
<a class=""count_cmt"" href=""https://vnexpress.net/nuoi-luon-sach-thu-lai-600-trieu-moi-nam-4664572.html#box_comment_vne"" style=""white-space: nowrap; display: none;"">
<svg class=""ic ic-comment""><use xlink:href=""#Comment-Reg""></use></svg>
<span class=""txt_num_comment font_icon"" data-objectid=""4664572"" data-objecttype=""1"" data-type=""comment""></span>
</a>
</span>
</p>",,"<a class=""thumb thumb-5x3"" data-medium=""Item-36"" data-thumb=""1"" href=""https://vnexpress.net/nuoi-luon-sach-thu-lai-600-trieu-moi-nam-4664572.html"" title=""Nuôi lươn 'sạch', thu lãi 600 triệu mỗi năm"">
<picture>
<!--[if IE 9]><video style=""display: none;""><![endif]-->
<source data-srcset=""https://i1-vnexpress.vnecdn.net/2023/10/13/LUON-can-canh-7141-1697192501.jpg?w=240&amp;h=144&amp;q=100&amp;dpr=1&amp;fit=crop&amp;s=27JtoLD8CCnS6LwuQTOkBg 1x, https://i1-vnexpress.vnecdn.net/2023/10/13/LUON-can-canh-7141-1697192501.jpg?w=240&amp;h=144&amp;q=100&amp;dpr=2&amp;fit=crop&amp;s=GuYe1PAdrLgtFHGXMJxmug 2x""/>
<!--[if IE 9]></video><![endif]-->
<img alt=""Nuôi lươn 'sạch', thu lãi 600 triệu mỗi năm"" class=""lazy"" data-src=""https://i1-vnexpress.vnecdn.net/2023/10/13/LUON-can-canh-7141-1697192501.jpg?w=240&amp;h=144&amp;q=100&amp;dpr=1&amp;fit=crop&amp;s=27JtoLD8CCnS6LwuQTOkBg"" intrinsicsize=""240x144"" itemprop=""contentUrl"" loading=""lazy"" src=""data:image/gif;base64,R0lGODlhAQABAAAAACH5BAEKAAEALAAAAAABAAEAAAICTAEAOw=="" style=""transform: translateX(-50%); left: 50%;""/>
</picture> </a>"
"<h3 class=""title-news"">
<a data-medium=""Item-37"" data-thumb=""1"" href=""https://vnexpress.net/cuoc-song-dao-lon-vi-mua-lu-4664859.html"" title=""Cuộc sống đảo lộn vì mưa lũ"">
Cuộc sống đảo lộn vì mưa lũ </a>
</h3>","<p class=""description"">
<a data-medium=""Item-37"" data-thumb=""1"" href=""https://vnexpress.net/cuoc-song-dao-lon-vi-mua-lu-4664859.html"" title=""Cuộc sống đảo lộn vì mưa lũ""><span class=""location-stamp"">Đà Nẵng</span>Vừa chợp mắt sau đêm trắng canh mưa, ông Trần Viết Mật giật mình tỉnh dậy khi những hòn đá theo dòng nước lũ đập lạch cạch vào cánh cổng sắt.</a>
<span class=""meta-news"">
<a class=""count_cmt"" href=""https://vnexpress.net/cuoc-song-dao-lon-vi-mua-lu-4664859.html#box_comment_vne"" style=""white-space: nowrap; display: none;"">
<svg class=""ic ic-comment""><use xlink:href=""#Comment-Reg""></use></svg>
<span class=""txt_num_comment font_icon"" data-objectid=""4664859"" data-objecttype=""1"" data-type=""comment""></span>
</a>
</span>
</p>",,"<a class=""thumb thumb-5x3"" data-medium=""Item-37"" data-thumb=""1"" href=""https://vnexpress.net/cuoc-song-dao-lon-vi-mua-lu-4664859.html"" title=""Cuộc sống đảo lộn vì mưa lũ"">
<picture>
<!--[if IE 9]><video style=""display: none;""><![endif]-->
<source data-srcset=""https://i1-vnexpress.vnecdn.net/2023/10/14/370231355-884245903313492-4560-3282-6807-1697292503.jpg?w=240&amp;h=144&amp;q=100&amp;dpr=1&amp;fit=crop&amp;s=GTc_eEK0gHKN_FFn8CLDOQ 1x, https://i1-vnexpress.vnecdn.net/2023/10/14/370231355-884245903313492-4560-3282-6807-1697292503.jpg?w=240&amp;h=144&amp;q=100&amp;dpr=2&amp;fit=crop&amp;s=U5kJSEkfq_nRnuaU-sh5Ag 2x""/>
<!--[if IE 9]></video><![endif]-->
<img alt=""Cuộc sống đảo lộn vì mưa lũ"" class=""lazy"" data-src=""https://i1-vnexpress.vnecdn.net/2023/10/14/370231355-884245903313492-4560-3282-6807-1697292503.jpg?w=240&amp;h=144&amp;q=100&amp;dpr=1&amp;fit=crop&amp;s=GTc_eEK0gHKN_FFn8CLDOQ"" intrinsicsize=""240x144"" itemprop=""contentUrl"" loading=""lazy"" src=""data:image/gif;base64,R0lGODlhAQABAAAAACH5BAEKAAEALAAAAAABAAEAAAICTAEAOw=="" style=""transform: translateX(-50%); left: 50%;""/>
</picture> </a>"
"<h3 class=""title-news"">
<a data-medium=""Item-38"" data-thumb=""1"" href=""https://video.vnexpress.net/tin-tuc/thoi-su/nguoi-dan-ke-khoanh-khac-dat-da-tran-vao-nha-4664850.html"" title=""Người dân kể khoảnh khắc đất đá tràn vào nhà"">
Người dân kể khoảnh khắc đất đá tràn vào nhà </a>
</h3>","<p class=""description"">
<a data-medium=""Item-38"" data-thumb=""1"" href=""https://video.vnexpress.net/tin-tuc/thoi-su/nguoi-dan-ke-khoanh-khac-dat-da-tran-vao-nha-4664850.html"" title=""Người dân kể khoảnh khắc đất đá tràn vào nhà""><span class=""location-stamp"">Đà Nẵng</span>Bà Huỳnh Thị Hoa bật khóc khi vừa đẩy được bùn non ra khỏi cửa, đất đá từ khu công nghiệp lại tràn vào nhà, một tháng qua đã ba lần nhà bà phải chịu cảnh này.</a>
<span class=""meta-news"">
<a class=""count_cmt"" href=""https://video.vnexpress.net/tin-tuc/thoi-su/nguoi-dan-ke-khoanh-khac-dat-da-tran-vao-nha-4664850.html#box_comment_vne"" style=""white-space: nowrap; display: none;"">
<svg class=""ic ic-comment""><use xlink:href=""#Comment-Reg""></use></svg>
<span class=""txt_num_comment font_icon"" data-objectid=""4664850"" data-objecttype=""1"" data-type=""comment""></span>
</a>
</span>
</p>",,"<a class=""thumb thumb-5x3"" data-medium=""Item-38"" data-thumb=""1"" href=""https://video.vnexpress.net/tin-tuc/thoi-su/nguoi-dan-ke-khoanh-khac-dat-da-tran-vao-nha-4664850.html"" title=""Người dân kể khoảnh khắc đất đá tràn vào nhà"">
<picture>
<!--[if IE 9]><video style=""display: none;""><![endif]-->
<source data-srcset=""https://i1-vnexpress.vnecdn.net/2023/10/14/N-1697275900-5905-1697275951.jpg?w=240&amp;h=144&amp;q=100&amp;dpr=1&amp;fit=crop&amp;s=1e48vrjUgTg7gebSNkA6Eg 1x, https://i1-vnexpress.vnecdn.net/2023/10/14/N-1697275900-5905-1697275951.jpg?w=240&amp;h=144&amp;q=100&amp;dpr=2&amp;fit=crop&amp;s=vbeEbnbJ7bP4YNjtUv0TTA 2x""/>
<!--[if IE 9]></video><![endif]-->
<img alt=""Người dân kể khoảnh khắc đất đá tràn vào nhà"" class=""lazy"" data-src=""https://i1-vnexpress.vnecdn.net/2023/10/14/N-1697275900-5905-1697275951.jpg?w=240&amp;h=144&amp;q=100&amp;dpr=1&amp;fit=crop&amp;s=1e48vrjUgTg7gebSNkA6Eg"" intrinsicsize=""240x144"" itemprop=""contentUrl"" loading=""lazy"" src=""data:image/gif;base64,R0lGODlhAQABAAAAACH5BAEKAAEALAAAAAABAAEAAAICTAEAOw=="" style=""transform: translateX(-50%); left: 50%;""/>
</picture> <span class=""icon_thumb_videophoto""><svg class=""ic ic-video""><use xlink:href=""#play-1""></use></svg></span> </a>"
,,,
